index,Data,Hora,"PRECIPITAÇÃO TOTAL, HORÁRIO (mm)","PRESSAO ATMOSFERICA AO NIVEL DA ESTACAO, HORARIA (mB)",PRESSÃO ATMOSFERICA MAX.NA HORA ANT. (AUT) (mB),PRESSÃO ATMOSFERICA MIN. NA HORA ANT. (AUT) (mB),RADIACAO GLOBAL (Kj/m²),"TEMPERATURA DO AR - BULBO SECO, HORARIA (°C)",TEMPERATURA DO PONTO DE ORVALHO (°C),TEMPERATURA MÁXIMA NA HORA ANT. (AUT) (°C),TEMPERATURA MÍNIMA NA HORA ANT. (AUT) (°C),TEMPERATURA ORVALHO MAX. NA HORA ANT. (AUT) (°C),TEMPERATURA ORVALHO MIN. NA HORA ANT. (AUT) (°C),UMIDADE REL. MAX. NA HORA ANT. (AUT) (%),UMIDADE REL. MIN. NA HORA ANT. (AUT) (%),"UMIDADE RELATIVA DO AR, HORARIA (%)","VENTO, DIREÇÃO HORARIA (gr) (° (gr))","VENTO, RAJADA MAXIMA (m/s)","VENTO, VELOCIDADE HORARIA (m/s)",region,state,station,station_code,latitude,longitude,height
170977,2013-09-26,01:00,0.0,997.9,997.9,997.4,-9999,19.6,10.1,22.0,19.5,10.6,9.1,56,44,54,3,2.2,0.1,CO,MT,PORTO ESTRELA,A935,-15.54638888,-57.38166666,145.0
271745,2013-08-27,01:00,0.0,964.4,964.4,963.4,-9999,14.6,6.5,16.3,14.6,7.2,6.5,58,55,58,222,10.7,3.4,CO,MS,CASSILANDIA,A742,-19.12249999,-51.72083332,516.0
100909,2013-02-24,21:00,0.0,-9999.0,-9999.0,-9999.0,1322,31.1,20.2,31.7,31.1,20.8,19.7,53,50,52,21,6.4,3.2,CO,MS,JARDIM,A758,-21.47833332,-56.13694444,249.0
193153,2017-01-10,20:00,0.0,981.1,981.6,981.1,1799,33.6,20.7,34.2,33.0,21.7,20.5,51,46,47,67,4.1,1.3,CO,MT,APIACAS,A910,-9.56388888,-57.3936111,220.0
144095,2020-09-19,21:00,0.0,956.2,956.2,955.9,-9999,34.0,15.2,36.4,34.0,15.2,14.3,33,27,33,236,4.1,1.7,CO,MT,NOVA UBIRATA,A929,-13.41111111,-54.75222222,466.48
73445,2020-09-04,03:00,-9999.0,-9999.0,-9999.0,-9999.0,-9999,-9999.0,-9999.0,-9999.0,-9999.0,-9999.0,-9999.0,-9999,-9999,-9999,-9999,-9999.0,-9999.0,CO,GO,RIO VERDE,A025,-17.785303,-50.964869,780.11
95044,2011-02-15,19:00,0.0,963.9,964.7,963.9,2174,31.1,19.9,31.5,29.9,20.8,18.5,56,49,51,74,6.3,3.2,CO,MT,GAUCHA DO NORTE,A930,-13.18472221,-53.2575,379.0
30523,2020-06-22,19:00,0.0,978.1,978.5,978.1,1904,31.5,13.6,32.0,31.4,14.9,13.3,37,33,34,113,6.2,1.9,CO,MT,SAO JOSE DO XINGU,A942,-10.48416666,-52.37249999,300.0
89135,2015-03-05,23:00,-9999.0,928.3,928.3,927.8,5,21.4,18.9,22.1,21.4,19.9,18.9,90,84,86,139,4.8,2.3,CO,MT,CAMPO VERDE,A912,-15.52749999,-55.13555555,749.0
238322,2014-12-21,05:00,0.0,927.5,928.0,927.5,-9999,21.1,20.1,21.4,21.1,20.4,20.1,94,94,94,341,4.2,1.7,CO,GO,MORRINHOS,A003,-17.71666667,-49.1,771.42
334313,2014-12-05,20:00,0.0,965.0,965.5,965.0,2096,32.3,19.0,32.8,31.8,20.2,17.9,50,42,45,301,5.4,2.5,CO,MT,SINOP,A917,-11.98222221,-55.56583333,371.0
211358,2012-06-04,02:00,0.0,974.4,974.4,974.2,-9999,21.3,18.3,22.1,21.3,18.4,18.1,83,78,83,68,2.5,0.7,CO,MS,AGUA CLARA,A756,-20.44444444,-52.87555554,338.0
21796,2004-06-25,04:00,0.0,970.9,971.0,970.8,-9999,19.7,15.6,21.3,19.7,16.0,15.5,78,71,77,259,0.0,0.0,CO,MT,SORRISO,A904,-12.55,-55.71666666,380.0
42545,2006-10-10,17:00,0.0,977.5,978.6,977.5,3334,31.3,16.6,32.1,30.7,18.1,15.2,46,37,41,30,7.5,3.6,CO,MS,TRES LAGOAS,A704,-20.78999999,-51.71222222,313.0
265236,2015-04-12,12:00,0.0,1000.8,1000.8,1000.3,527,26.2,23.8,26.2,25.5,23.8,23.3,88,85,87,294,2.8,1.2,CO,MS,CORUMBA,A724,-18.99666666,-57.63749999,126.0
97665,2012-07-26,21:00,0.0,946.5,946.5,946.0,811,28.7,15.0,31.0,28.6,17.1,13.7,49,36,43,333,6.5,2.0,CO,MT,COMODORO,A913,-13.70861111,-59.76277777,591.0
42917,2015-03-29,07:00,0.0,967.4,967.7,967.4,-9999,23.2,21.7,23.2,22.9,21.7,21.1,91,89,91,231,2.0,0.0,CO,MS,PARANAIBA,A710,-19.69527777,-51.18138888,424.0
105167,2010-09-27,13:00,0.0,930.5,931.1,930.5,905,22.2,19.6,22.3,20.7,19.9,19.3,93,84,85,301,3.3,0.1,CO,GO,MINEIROS,A026,-17.45472222,-52.60111111,862.0
204000,2013-12-02,08:00,0.0,906.9,906.9,906.4,-9999,21.1,19.2,21.2,20.9,19.5,19.2,91,89,89,121,0.9,0.2,CO,GO,SILVANIA,A037,-16.67694443,-48.61805554,949.0
111756,2004-09-21,12:00,0.0,933.9,933.9,933.6,1756,29.4,10.8,29.5,24.6,13.0,10.7,48,31,31,58,8.5,3.6,CO,GO,GOIANIA,A002,-16.64277777,-49.21999999,770.0
141609,2013-05-20,09:00,0.0,972.3,972.4,971.9,-9999,20.6,18.6,20.7,20.2,18.7,18.5,90,88,89,170,4.6,3.1,CO,MS,IVINHEMA,A709,-22.30666666,-53.82722221,373.8
272075,2018-02-08,11:00,0.0,979.4,979.4,978.4,221,23.4,22.6,23.4,22.3,22.8,21.9,98,95,95,113,0.0,0.0,CO,MT,GUARANTA DO NORTE,A906,-9.95,-54.88333333,320.0
342929,2012-04-13,17:00,0.0,898.8,899.3,898.8,2336,27.2,14.9,27.9,26.1,15.7,13.1,53,40,47,136,5.6,1.1,CO,DF,AGUAS EMENDADAS,A045,-15.59638888,-47.62583332,1200.0
242072,2015-12-22,10:00,0.0,970.2,970.2,969.5,65,23.3,22.0,23.3,22.7,22.0,21.6,93,92,92,350,6.1,1.9,CO,MT,SINOP,A917,-11.98222221,-55.56583333,371.0
137394,2014-09-07,18:00,0.0,923.2,924.0,923.2,2768,28.0,4.1,28.5,27.1,5.6,3.7,25,21,22,111,8.7,3.7,CO,GO,POSSE,A017,-14.08916666,-46.36638888,834.0
153877,2009-07-16,19:00,0.0,934.9,934.9,934.8,1999,30.9,10.4,31.8,30.8,10.6,9.4,29,26,28,333,7.2,2.6,CO,GO,MINEIROS,A026,-17.45472222,-52.60111111,862.0
18370,2018-05-21,08:00,-9999.0,-9999.0,-9999.0,-9999.0,-9999,-9999.0,-9999.0,-9999.0,-9999.0,-9999.0,-9999.0,-9999,-9999,-9999,-9999,-9999.0,-9999.0,CO,MT,ALTA FLORESTA,A924,-9.84944444,-56.1,289.0
215855,2010-05-17,13:00,0.0,955.8,955.8,955.5,2129,30.2,10.4,30.6,28.1,11.9,10.3,35,29,29,79,7.1,2.4,CO,GO,GOIAS,A014,-15.93916666,-50.14138888,512.0
237349,2021-02-19,13:00,-9999.0,974.6,974.6,974.5,2655,29.1,13.0,29.4,25.7,14.5,12.8,49,37,37,-9999,-9999.0,-9999.0,CO,MS,TRES LAGOAS,A704,-20.78333333,-51.71222222,328.94
195083,2019-04-09,11:00,0.2,959.9,959.9,959.3,86,22.0,21.1,22.5,22.0,21.7,21.1,96,95,95,100,4.2,2.6,CO,MT,PARANATINGA,A915,-14.421492,-54.036055,476.91
175819,2019-08-02,06:00,0.0,931.1,931.3,931.1,0,21.1,9.7,22.2,21.1,10.2,9.4,48,46,48,318,4.0,1.9,CO,MT,CAMPO VERDE,A912,-15.531431,-55.135649,748.27
341157,2020-11-02,21:00,-9999.0,-9999.0,-9999.0,-9999.0,-9999,-9999.0,-9999.0,-9999.0,-9999.0,-9999.0,-9999.0,-9999,-9999,-9999,-9999,-9999.0,-9999.0,CO,GO,SAO MIGUEL DO ARAGUAIA,A031,-12.82055554,-50.33583333,210.0
35003,2017-04-29,06:00,-9999.0,-9999.0,-9999.0,-9999.0,-9999,-9999.0,-9999.0,-9999.0,-9999.0,-9999.0,-9999.0,-9999,-9999,-9999,-9999,-9999.0,-9999.0,CO,MT,SINOP,A917,-11.98222221,-55.56583333,371.0
298543,2015-01-30,07:00,0.0,-9999.0,-9999.0,-9999.0,-9999,25.8,21.2,26.2,25.6,21.5,21.2,78,75,76,143,1.8,0.5,CO,MT,CUIABA,A901,-15.55916666,-56.72944443,240.0
281284,2011-11-01,04:00,0.0,967.9,969.0,967.9,-9999,23.2,21.4,23.4,23.2,21.7,21.3,91,89,89,145,2.6,1.9,CO,MT,SINOP,A917,-11.98222221,-55.56583333,371.0
158445,2021-01-02,21:00,0.0,965.0,965.0,964.6,1549,32.6,20.2,33.2,32.5,21.3,20.0,50,48,48,236,3.3,0.6,CO,MT,JUINA,A920,-11.375126,-58.774785,365.39
48485,2013-07-15,05:00,0.0,937.1,937.3,937.1,-9999,12.4,11.1,13.2,12.4,11.5,11.1,92,89,92,221,0.0,0.0,CO,GO,MINEIROS,A026,-17.45472222,-52.60111111,862.0
226505,2010-03-29,17:00,0.0,967.3,969.0,967.3,3617,30.3,20.6,30.6,28.8,22.3,19.6,64,54,56,78,3.5,1.4,CO,MT,GAUCHA DO NORTE,A930,-13.18472221,-53.2575,379.0
62453,2014-02-17,05:00,0.4,914.1,914.6,914.1,-9999,20.8,20.1,21.1,20.8,20.4,20.1,96,96,96,49,4.4,2.0,CO,MT,ALTO TAQUARI,A934,-17.81555555,-53.28749999,875.0
8191,2017-04-07,02:00,0.0,887.4,887.4,887.2,-9999,20.6,18.0,21.0,19.7,18.5,17.7,89,84,85,161,2.2,1.1,CO,DF,BRASILIA,A001,-15.78944444,-47.92583332,1159.54
338774,2013-05-14,14:00,0.0,970.1,970.7,970.1,2134,28.4,16.9,28.5,25.7,17.5,16.3,58,50,50,32,6.6,4.1,CO,MS,PARANAIBA,A710,-19.69527777,-51.18138888,424.0
297568,2015-04-23,18:00,1.4,946.4,947.1,946.4,1134,24.4,21.5,28.8,24.4,22.9,21.2,86,67,84,131,5.6,2.0,CO,MT,COMODORO,A913,-13.70861111,-59.76277777,591.0
336400,2010-10-14,16:00,0.0,946.1,946.7,946.1,2924,34.1,14.7,35.1,32.6,15.3,13.7,33,29,31,358,10.0,3.6,CO,MT,ITIQUIRA,A933,-17.29722221,-54.83722221,585.0
400977,2009-10-10,09:00,-9999.0,-9999.0,-9999.0,-9999.0,-9999,-9999.0,-9999.0,-9999.0,-9999.0,-9999.0,-9999.0,-9999,-9999,-9999,-9999,-9999.0,-9999.0,CO,MT,SINOP,A917,-11.98222221,-55.56583333,371.0
148718,2011-09-13,14:00,0.0,975.3,975.5,975.3,2792,26.9,12.2,26.9,24.8,13.3,11.5,48,39,40,53,4.4,1.4,CO,MS,JUTI,A749,-22.85722222,-54.60555555,379.0
350965,2018-02-27,13:00,-9999.0,-9999.0,-9999.0,-9999.0,-9999,-9999.0,-9999.0,-9999.0,-9999.0,-9999.0,-9999.0,-9999,-9999,-9999,-9999,-9999.0,-9999.0,CO,MS,SETE QUEDAS,A751,-23.96694443,-55.02416666,402.0
284463,2018-02-06,13:00,0.0,948.9,948.9,948.8,1044,24.5,21.3,24.8,23.3,21.7,20.9,87,81,82,165,7.0,4.3,CO,MT,SAPEZAL,A911,-10.16583333,-59.45111111,105.0
399496,2010-12-27,16:00,0.0,896.4,897.5,896.4,3789,27.0,18.7,27.8,25.8,19.7,17.7,68,56,60,297,7.4,2.6,CO,DF,AGUAS EMENDADAS,A045,-15.59638888,-47.62583332,1200.0
117232,2016-05-06,16:00,0.0,980.1,981.2,980.1,2704,32.5,23.3,32.5,29.9,23.8,21.9,66,56,58,78,6.0,1.5,CO,MT,ALTA FLORESTA,A924,-9.84944444,-56.1,289.0
258732,2013-03-02,20:00,0.0,997.0,997.5,997.0,2226,34.1,22.6,34.7,33.1,23.6,22.3,55,50,51,345,8.0,0.9,CO,MS,NHUMIRIM,A717,-18.98888888,-56.62305554,91.0
334374,2007-09-07,06:00,0.0,980.8,981.1,980.8,-9999,18.3,15.5,18.7,18.3,16.2,15.5,86,83,84,140,1.0,0.0,CO,MT,GUARANTA DO NORTE,A906,-9.95,-54.88333333,320.0
73508,2005-05-23,20:00,-9999.0,-9999.0,-9999.0,-9999.0,-9999,-9999.0,-9999.0,-9999.0,-9999.0,-9999.0,-9999.0,-9999,-9999,-9999,-9999,-9999.0,-9999.0,CO,MT,GUARANTA DO NORTE,A906,-9.95,-54.88333333,320.0
64328,2020-07-09,19:00,0.0,906.1,906.2,906.0,1544,27.2,8.3,27.8,26.1,8.3,7.0,31,28,30,134,7.2,2.8,CO,GO,LUZIANIA,A012,-16.26055555,-47.96694443,1000.82
113184,2015-04-06,02:00,0.0,899.5,899.6,899.5,-9999,17.5,16.6,18.1,17.5,17.2,16.6,95,94,94,42,2.2,1.3,CO,DF,AGUAS EMENDADAS,A045,-15.59638888,-47.62583332,1200.0
17360,2009-12-25,08:00,0.0,883.4,884.0,883.4,-9999,19.4,18.0,19.4,19.2,18.0,17.7,92,90,92,5,1.9,0.2,CO,DF,BRASILIA,A001,-15.78944444,-47.92583332,1159.54
102070,2016-08-14,22:00,0.0,967.9,967.9,967.4,59,30.4,10.3,34.0,30.4,10.3,9.3,29,23,29,39,2.9,1.3,CO,MT,SINOP,A917,-11.98222221,-55.56583333,371.0
51488,2015-03-21,10:00,0.2,912.6,912.6,912.0,67,19.4,-9999.0,19.4,19.2,-9999.0,-9999.0,-9999,-9999,-9999,17,3.8,1.7,CO,GO,CATALAO,A034,-18.15777777,-47.92638888,890.0
363539,2010-11-19,11:00,0.0,956.3,956.3,955.4,1092,25.5,20.6,25.6,22.7,21.1,20.2,87,74,74,316,3.0,0.2,CO,MT,NOVA UBIRATA,A929,-13.68638888,-54.95611111,518.0
215732,2011-05-08,20:00,0.0,983.1,983.1,983.0,965,31.8,19.2,32.5,31.0,21.5,15.9,57,37,47,174,0.0,0.0,CO,MS,COXIM,A720,-18.51222222,-54.73583333,252.0
55072,2015-08-17,18:00,0.0,917.0,917.6,916.9,2420,26.2,7.7,27.5,26.1,7.9,6.5,31,27,31,72,8.4,4.5,CO,GO,CATALAO,A034,-18.15777777,-47.92638888,890.0
111732,2018-01-29,12:00,0.0,963.9,963.9,963.5,245,23.6,-9999.0,23.7,22.8,-9999.0,-9999.0,-9999,-9999,-9999,83,5.2,2.8,CO,MS,BATAGUASSU,A759,-21.75138888,-52.47055554,387.0
88419,2012-04-23,03:00,0.0,929.8,929.9,929.7,-9999,21.5,20.4,21.5,20.9,20.6,19.9,95,93,94,158,2.7,0.2,CO,MT,CAMPO VERDE,A912,-15.52749999,-55.13555555,749.0
165322,2008-12-27,10:00,0.2,986.5,986.5,985.7,362,22.9,21.8,22.9,22.7,21.8,21.5,94,92,94,324,4.8,1.9,CO,MT,SAO FELIX  DO ARAGUAIA,A921,-11.61888888,-50.72777777,218.0
143999,2012-08-20,23:00,0.0,972.3,972.3,971.6,-9999,26.5,10.7,28.5,26.5,10.9,8.8,37,29,37,299,2.0,0.0,CO,MT,GAUCHA DO NORTE,A930,-13.18472221,-53.2575,379.0
15760,2006-12-10,16:00,0.0,969.4,970.1,969.4,2485,29.8,22.6,29.9,28.4,23.1,20.5,72,59,65,294,3.9,1.8,CO,MT,SINOP,A917,-11.98222221,-55.56583333,371.0
370774,2017-01-29,22:00,0.0,937.2,937.2,936.5,168,27.6,17.4,30.1,27.6,18.0,16.9,55,45,54,277,3.0,0.3,CO,GO,GOIANESIA,A022,-15.22027777,-48.99027777,667.0
171365,2009-07-15,11:00,-9999.0,-9999.0,-9999.0,-9999.0,-9999,-9999.0,-9999.0,-9999.0,-9999.0,-9999.0,-9999.0,-9999,-9999,-9999,-9999,-9999.0,-9999.0,CO,MT,PARANATINGA,A915,-14.42138888,-54.03527777,474.0
256149,2007-09-25,21:00,0.0,997.3,997.3,997.0,513,27.1,1.6,28.0,27.1,1.6,0.4,19,17,19,202,3.7,1.6,CO,MS,AQUIDAUANA,A719,-20.47555554,-55.78388888,155.0
175961,2010-06-21,17:00,0.0,952.8,953.7,952.8,759,30.1,15.6,30.8,29.8,16.6,15.1,44,40,42,132,2.3,1.1,CO,MT,CAMPO NOVO DOS PARECIS,A905,-13.78333333,-57.83333333,570.0
219699,2008-03-16,03:00,0.0,978.9,979.1,978.9,-9999,21.4,20.8,21.9,21.4,21.2,20.8,97,96,96,319,3.8,2.3,CO,MT,SALTO DO CEU,A936,-15.13583333,-58.115,303.0
325000,2018-03-12,16:00,-9999.0,976.5,977.4,976.5,1439,28.9,24.2,30.8,28.9,27.1,24.2,82,75,75,270,5.5,2.3,CO,MT,SALTO DO CEU,A936,-15.13583333,-58.115,303.0
72667,2003-06-05,19:00,0.0,888.0,888.1,887.9,1492,26.4,13.3,27.0,26.1,14.0,12.6,46,42,44,84,6.4,3.5,CO,DF,BRASILIA,A001,-15.78944444,-47.92583332,1159.54
48231,2018-07-18,09:00,-9999.0,-9999.0,-9999.0,-9999.0,-9999,-9999.0,-9999.0,-9999.0,-9999.0,-9999.0,-9999.0,-9999,-9999,-9999,-9999,-9999.0,-9999.0,CO,MS,ARAL MOREIRA,S702,-22.955,-55.6261111,605.0
230696,2019-11-06,19:00,0.0,925.3,925.8,925.1,2135,32.5,17.4,33.8,32.0,17.7,14.7,41,33,41,329,7.0,3.6,CO,GO,MORRINHOS,A003,-17.745066,-49.101698,751.09
387,2017-05-16,22:00,0.0,956.7,956.7,956.1,5,22.5,22.0,24.1,22.5,22.0,21.1,97,84,97,230,4.1,1.8,CO,MS,SONORA,A761,-17.89638888,-54.45361111,486.0
348128,2016-04-25,10:00,0.0,963.9,963.9,963.1,8,23.4,17.2,23.9,22.9,17.2,16.9,70,65,68,325,3.6,1.8,CO,MS,BATAGUASSU,A759,-21.75138888,-52.47055554,387.0
247647,2009-03-30,21:00,0.0,976.0,976.1,975.3,849,28.2,22.5,29.3,28.1,23.0,22.0,74,67,71,327,3.4,0.0,CO,MT,GUARANTA DO NORTE,A906,-9.95,-54.88333333,320.0
9296,2014-01-23,08:00,0.0,929.7,929.7,929.5,-9999,19.7,19.7,19.9,19.7,19.8,19.6,100,99,99,-9999,-9999.0,-9999.0,CO,MT,ALTO ARAGUAIA,A909,-17.33944444,-53.22416666,753.0
104364,2003-01-17,12:00,0.2,995.8,995.8,993.8,-9999,25.0,23.2,25.0,24.5,23.4,23.1,93,90,90,348,4.0,2.2,CO,MT,CUIABA,A901,-15.55916666,-56.72944443,240.0
103011,2007-12-05,03:00,0.0,951.8,951.8,951.3,-9999,22.9,21.0,22.9,22.5,21.1,20.4,90,88,89,324,3.3,1.5,CO,GO,ITAPACI,A015,-14.98027777,-49.53944444,522.0
70279,2018-05-07,07:00,-9999.0,-9999.0,-9999.0,-9999.0,-9999,-9999.0,-9999.0,-9999.0,-9999.0,-9999.0,-9999.0,-9999,-9999,-9999,-9999,-9999.0,-9999.0,CO,MT,QUERENCIA,A916,-12.5986111,-52.19444444,339.0
45155,2014-03-04,14:00,0.0,952.1,952.5,952.1,1539,27.7,20.4,27.9,25.5,21.7,20.4,78,64,64,57,3.7,1.1,CO,GO,MONTE ALEGRE DE GOIAS,A032,-13.24805555,-46.88972221,1253.0
131936,2018-05-21,08:00,0.0,970.1,970.3,970.1,-9999,16.5,13.9,16.9,16.5,14.7,13.9,87,84,84,275,0.0,0.0,CO,MT,GAUCHA DO NORTE,A930,-13.18472221,-53.2575,379.0
101253,2003-09-09,21:00,0.0,979.5,979.5,978.4,1567,28.0,21.1,32.4,28.0,21.1,15.2,66,35,66,221,8.6,4.0,CO,MT,GUARANTA DO NORTE,A906,-9.95,-54.88333333,320.0
12157,2006-11-14,13:00,0.0,905.2,905.2,905.0,1099,18.7,15.5,18.9,18.1,15.8,15.1,84,80,82,72,8.2,4.5,CO,GO,LUZIANIA,A012,-16.27222222,-47.96638889,959.5
156607,2017-11-09,02:00,0.0,930.2,930.5,930.2,-9999,23.1,17.6,23.5,23.1,17.9,17.5,71,70,71,75,2.9,1.2,CO,GO,GOIANIA,A002,-16.64277777,-49.21999999,770.0
380800,2017-03-23,16:00,0.0,977.1,978.1,977.1,2600,30.8,-9999.0,31.2,29.4,-9999.0,-9999.0,-9999,-9999,-9999,78,4.9,1.7,CO,MS,RIO BRILHANTE,A743,-21.77472221,-54.52805554,329.0
104325,2018-02-03,15:00,0.0,932.5,932.9,932.5,3335,28.7,20.3,28.9,27.2,20.9,18.6,67,57,61,187,4.5,2.3,CO,GO,JATAI,A016,-17.92388888,-51.71777777,582.0
182682,2014-08-14,21:00,0.0,1001.7,1001.7,1001.6,731,24.4,15.2,25.4,24.4,15.5,14.7,57,52,57,264,5.5,1.8,CO,MT,CACERES,A941,-16.07444443,-57.69277777,116.0
142484,2020-07-14,18:00,0.0,961.1,961.9,961.1,-9999,33.7,12.8,34.8,32.6,13.8,12.4,30,27,28,227,8.9,3.0,CO,MT,NOVA UBIRATA,A929,-13.41111111,-54.75222222,466.48
118311,2013-09-21,15:00,0.0,983.9,984.6,983.8,1545,34.5,19.1,34.8,32.4,20.0,18.4,49,38,40,338,7.0,3.2,CO,MT,CUIABA,A901,-15.55916666,-56.72944443,240.0
30530,2011-10-05,17:00,0.0,945.1,946.4,945.1,1485,30.4,18.7,31.0,29.4,19.3,17.5,53,46,50,239,6.0,2.8,CO,MT,COMODORO,A913,-13.70861111,-59.76277777,591.0
328966,2015-07-21,22:00,0.0,961.2,961.2,960.9,-9999,25.0,13.8,29.5,25.0,13.8,11.7,50,33,50,208,4.0,3.4,CO,MT,NOVA UBIRATA,A929,-13.68638888,-54.95611111,518.0
107034,2016-03-08,18:00,-9999.0,-9999.0,-9999.0,-9999.0,-9999,-9999.0,-9999.0,-9999.0,-9999.0,-9999.0,-9999.0,-9999,-9999,-9999,-9999,-9999.0,-9999.0,CO,MS,PARANAIBA,A710,-19.69527777,-51.18138888,424.0
239582,2013-07-26,14:00,0.0,980.0,980.5,980.0,2055,14.0,6.5,14.2,11.5,7.1,6.3,72,60,60,47,13.2,8.9,CO,MS,SETE QUEDAS,A751,-23.96694443,-55.02416666,402.0
138762,2008-09-25,05:00,0.0,977.5,978.0,977.5,-9999,22.3,18.6,22.8,21.9,19.8,18.4,87,77,80,3,1.7,0.0,CO,MT,GUARANTA DO NORTE,A906,-9.95,-54.88333333,320.0
110940,2018-03-19,10:00,0.0,886.6,886.7,886.2,114,20.0,18.0,20.0,18.7,18.0,17.3,92,88,88,49,3.5,2.4,CO,DF,BRAZLANDIA,A042,-15.59972221,-48.1311111,1143.0
372617,2011-04-05,17:00,0.0,974.4,-9999.0,-9999.0,913,29.1,20.9,-9999.0,-9999.0,-9999.0,-9999.0,-9999,-9999,62,-9999,-9999.0,-9999.0,CO,MS,AGUA CLARA,A756,-20.44444444,-52.87555554,338.0
321540,2008-12-12,12:00,0.0,974.1,974.1,973.7,1891,27.5,21.0,27.7,25.1,21.9,20.5,79,67,68,108,2.8,1.0,CO,MS,RIO BRILHANTE,A743,-21.77472221,-54.52805554,329.0
334921,2015-07-29,03:00,0.0,972.1,972.3,971.8,-9999,15.7,13.9,17.3,15.1,14.4,13.3,91,82,89,349,1.9,0.4,CO,MS,MARACAJU,A731,-21.60916666,-55.17777777,400.0
162371,2011-06-01,02:00,0.0,932.9,932.9,932.7,-9999,19.3,13.7,19.8,18.9,14.1,13.4,73,66,70,169,3.8,2.5,CO,MT,CAMPO VERDE,A912,-15.52749999,-55.13555555,749.0
90520,2014-02-05,19:00,0.0,954.8,955.6,954.8,2794,35.2,10.6,36.3,34.1,12.1,10.4,25,22,23,41,7.6,3.3,CO,MS,CASSILANDIA,A742,-19.12249999,-51.72083332,516.0
18096,2008-08-04,11:00,0.0,995.9,995.9,995.6,137,21.3,20.6,21.3,20.8,20.7,20.1,96,96,96,274,1.0,0.3,CO,MT,PORTO ESTRELA,A935,-15.54638888,-57.38166666,145.0
129998,2015-03-07,16:00,0.0,1001.3,1002.7,1001.3,-9999,32.6,24.4,32.6,30.6,25.0,23.6,71,62,62,236,0.0,0.0,CO,MS,PORTO MURTINHO,A723,-21.70583333,-57.88666666,85.0
394798,2012-03-09,22:00,0.0,913.3,913.3,912.7,-9999,25.3,13.9,26.6,25.3,14.6,13.9,50,47,49,63,1.8,0.1,CO,GO,CATALAO,A034,-18.15777777,-47.92638888,890.0
263075,2021-02-11,11:00,-9999.0,-9999.0,-9999.0,-9999.0,-9999,-9999.0,-9999.0,-9999.0,-9999.0,-9999.0,-9999.0,-9999,-9999,-9999,-9999,-9999.0,-9999.0,CO,MS,BRASILANDIA,S705,-21.298278,-52.068917,345.0
189587,2009-08-13,17:00,0.0,985.4,986.4,985.4,2887,34.8,12.8,34.8,32.9,13.5,11.9,31,26,27,55,5.1,1.2,CO,MS,COXIM,A720,-18.51222222,-54.73583333,252.0
157574,2020-12-09,14:00,-9999.0,-9999.0,-9999.0,-9999.0,-9999,-9999.0,-9999.0,-9999.0,-9999.0,-9999.0,-9999.0,-9999,-9999,-9999,-9999,-9999.0,-9999.0,CO,MS,NOVA ANDRADINA,S713,-22.078528,-53.465889,372.0
23748,2016-09-14,12:00,0.0,924.1,924.2,923.7,2091,26.5,8.3,26.8,24.7,8.7,8.3,35,31,32,62,12.9,6.0,CO,GO,POSSE,A017,-14.08916666,-46.36638888,834.0
102910,2009-09-30,22:00,0.0,973.7,973.8,973.7,104,26.4,20.3,29.9,26.4,20.3,18.0,69,49,69,115,2.5,0.9,CO,MT,NOVA MARINGA,A928,-13.06555555,-57.15611111,353.0
43405,2018-09-18,07:00,0.0,970.9,971.0,970.8,-9999,16.3,15.1,17.1,16.3,15.1,14.5,92,86,92,330,0.0,0.0,CO,MS,ITAQUIRAI,A752,-23.44944444,-54.18166666,336.0
262484,2013-08-06,04:00,0.0,1002.4,1002.7,1002.4,-9999,17.3,12.9,18.1,17.2,13.3,12.7,76,72,76,133,0.0,0.0,CO,MS,NHUMIRIM,A717,-18.98888888,-56.62305554,91.0
373837,2009-09-04,13:00,0.0,983.9,983.9,983.5,1883,32.0,20.9,32.0,28.5,21.2,19.9,61,52,52,297,3.5,1.6,CO,MT,JUARA,A914,-11.28027777,-57.52666666,260.0
94330,2015-02-09,12:00,0.2,956.6,956.6,955.9,763,23.2,20.8,23.5,22.6,21.1,20.7,90,85,87,16,7.1,4.1,CO,MS,SONORA,A761,-17.89638888,-54.45361111,486.0
15393,2001-07-07,09:00,0.0,934.3,934.4,934.2,-9999,15.4,7.9,15.6,15.2,7.9,7.5,61,59,61,76,6.6,4.8,CO,GO,MORRINHOS,A003,-17.71666667,-49.1,771.42
41758,2020-12-14,09:00,-9999.0,-9999.0,-9999.0,-9999.0,-9999,-9999.0,-9999.0,-9999.0,-9999.0,-9999.0,-9999.0,-9999,-9999,-9999,-9999,-9999.0,-9999.0,CO,MS,PARANAIBA,A710,-19.695517,-51.181769,408.06
54021,2015-03-02,21:00,-9999.0,965.7,965.7,964.9,178,23.7,21.7,23.7,23.5,21.7,20.9,88,85,88,91,0.0,0.0,CO,MT,SORRISO,A904,-12.55,-55.71666666,380.0
9016,2013-08-30,00:00,0.0,990.1,990.1,989.7,-9999,19.8,7.4,21.8,19.1,8.0,5.9,48,36,45,274,1.2,0.1,CO,MT,VILA BELA DA SANTISSIMA TRINDADE,A922,-15.06277777,-59.87277777,222.0
65227,2007-12-27,19:00,0.0,949.0,949.6,949.0,2761,29.6,18.1,30.1,29.4,18.5,17.0,51,47,50,306,8.6,3.9,CO,MS,CAMPO GRANDE,A702,-20.45,-54.6,530.0
277674,2014-09-12,18:00,0.0,943.4,944.4,943.4,1466,31.4,20.7,33.3,31.1,20.7,14.7,53,34,53,89,5.4,0.3,CO,MT,COMODORO,A913,-13.70861111,-59.76277777,591.0
296753,2012-02-23,05:00,-9999.0,-9999.0,-9999.0,-9999.0,-9999,-9999.0,-9999.0,-9999.0,-9999.0,-9999.0,-9999.0,-9999,-9999,-9999,-9999,-9999.0,-9999.0,CO,MT,SANTO ANTONIO DO LESTE,A931,-14.92777777,-53.8836111,648.0
268708,2016-04-10,06:00,0.0,880.2,880.7,880.2,-9999,20.7,12.8,21.2,20.7,13.0,12.6,61,59,61,82,1.7,0.5,CO,GO,CRISTALINA,A036,-16.78805555,-47.61166666,1202.0
195532,2020-04-05,04:00,0.0,974.8,975.0,974.7,-9999,20.0,15.9,21.1,19.8,16.2,15.0,79,68,77,311,1.8,0.0,CO,MS,RIO BRILHANTE,A743,-21.774944,-54.528108,324.31
26070,2019-04-04,19:00,0.0,974.1,974.8,974.1,1482,27.4,21.7,29.5,27.4,24.7,21.7,77,71,71,310,7.7,2.6,CO,MT,CARLINDA,A926,-9.970586,-55.827543,293.71
162247,2016-06-21,07:00,0.0,990.6,990.7,990.4,-9999,20.7,17.9,21.2,20.7,18.4,17.9,85,83,84,288,3.9,1.8,CO,MT,SAO FELIX  DO ARAGUAIA,A921,-11.61888888,-50.72777777,218.0
94575,2020-10-07,15:00,0.0,973.6,974.5,973.6,2956,38.2,18.7,38.3,36.7,20.6,18.4,38,32,32,341,5.2,2.1,CO,MS,BONITO,S704,-21.246756,-56.450442,329.0
207945,2020-12-27,07:00,0.0,965.0,965.1,965.0,-9999,21.5,20.5,21.9,21.5,20.8,20.5,94,94,94,236,0.0,0.0,CO,MT,JUINA,A920,-11.375126,-58.774785,365.39
27456,2011-02-19,00:00,0.0,912.7,912.7,912.0,-9999,24.2,17.2,24.7,24.2,17.5,17.0,65,63,65,40,2.8,0.8,CO,GO,CATALAO,A034,-18.15777777,-47.92638888,890.0
48086,2015-06-28,14:00,0.0,882.9,883.3,882.9,2306,18.2,11.6,18.4,17.2,11.6,10.9,68,63,65,86,10.5,5.4,CO,GO,ALTO PARAISO DE GOIAS,A024,-14.13305554,-47.52305554,1260.0
360285,2017-11-18,21:00,0.0,909.4,909.4,908.7,151,22.8,18.9,23.0,22.8,19.1,18.7,79,77,79,357,3.6,0.4,CO,GO,CATALAO,A034,-18.15777777,-47.92638888,890.0
314650,2010-04-21,10:00,0.0,935.7,935.8,935.5,-9999,21.2,17.9,21.8,21.2,17.9,17.8,82,78,81,17,4.3,2.2,CO,MS,PONTA PORA,A703,-22.5525,-55.71638888,675.0
391073,2009-08-23,17:00,1.6,953.3,954.8,953.3,354,15.9,14.4,15.9,15.2,14.4,13.9,92,91,91,46,12.9,8.6,CO,MS,CAMPO GRANDE,A702,-20.45,-54.6,530.0
106672,2012-05-21,16:00,0.0,1000.6,1002.1,1000.6,1101,24.1,18.4,24.1,23.4,18.4,17.1,71,67,71,146,4.6,2.1,CO,MS,MIRANDA,A722,-20.38333333,-56.41666666,140.0
2435,2007-04-12,11:00,0.0,960.5,960.5,959.8,495,22.8,21.1,22.8,20.8,21.4,20.4,98,90,90,175,0.6,0.0,CO,MT,PARANATINGA,A915,-14.42138888,-54.03527777,474.0
31838,2009-08-10,20:00,0.0,929.5,929.6,929.3,1190,26.3,7.5,27.7,26.0,8.5,7.3,31,29,30,218,6.9,2.4,CO,GO,RIO VERDE,A025,-17.78583333,-50.98138888,782.0
381642,2016-06-12,18:00,0.0,975.2,976.0,975.2,2216,18.0,-5.5,18.2,17.2,-3.9,-6.6,23,18,20,236,5.7,1.8,CO,MS,AMAMBAI,A750,-23.0025,-55.32944443,431.0
214632,2019-07-03,00:00,0.0,963.6,963.6,962.6,-9999,18.7,15.1,19.9,18.7,15.6,15.0,79,75,79,58,0.0,0.0,CO,MS,MARACAJU,A731,-21.609036,-55.177531,388.94
324509,2007-07-23,05:00,0.0,992.8,993.2,992.8,-9999,24.9,20.0,26.9,24.7,20.2,19.4,75,63,74,259,2.3,1.6,CO,MT,CUIABA,A901,-15.55916666,-56.72944443,240.0
267228,2011-03-25,12:00,-9999.0,922.8,922.9,922.1,2182,25.6,19.1,25.6,24.2,19.4,18.6,72,66,67,80,7.9,3.6,CO,GO,POSSE,A017,-14.08916666,-46.36638888,834.0
6605,2018-07-06,23:00,0.0,944.2,944.2,943.9,-9999,21.5,10.4,22.5,20.8,10.5,10.0,51,46,49,23,1.2,0.5,CO,MS,BANDEIRANTES,S703,-19.94555555,-54.3686111,624.0
315515,2018-02-10,11:00,0.0,945.2,945.2,944.4,627,23.0,20.4,23.0,21.8,20.6,19.8,90,85,85,340,2.6,0.0,CO,GO,EDEIA,A029,-17.33694444,-49.91472222,608.0
371646,2018-07-09,06:00,0.0,952.7,953.1,952.7,-9999,17.9,11.0,19.8,17.6,11.0,10.4,65,56,64,10,2.2,0.4,CO,GO,MONTE ALEGRE DE GOIAS,A032,-13.24805555,-46.88972221,1253.0
325004,2013-10-17,20:00,0.0,940.5,940.5,940.3,827,26.0,20.4,27.0,25.8,20.9,19.4,73,64,71,25,7.8,3.2,CO,GO,IPORA,A028,-16.42305554,-51.14805555,625.0
271834,2014-10-18,13:00,-9999.0,-9999.0,-9999.0,-9999.0,-9999,-9999.0,-9999.0,-9999.0,-9999.0,-9999.0,-9999.0,-9999,-9999,-9999,-9999,-9999.0,-9999.0,CO,MS,NHUMIRIM,A717,-18.98888888,-56.62305554,91.0
26528,2015-05-15,10:00,0.0,960.3,960.3,959.6,7,20.3,19.8,20.3,20.2,19.8,19.7,97,97,97,110,1.9,0.4,CO,MT,PARANATINGA,A915,-14.42138888,-54.03527777,474.0
130419,2017-11-21,03:00,0.0,965.4,965.9,965.3,-9999,24.9,21.2,25.6,24.9,21.4,21.2,80,77,80,104,3.3,1.7,CO,MS,IVINHEMA,A709,-22.30666666,-53.82722221,373.8
51188,2011-02-13,11:00,-9999.0,-9999.0,-9999.0,-9999.0,-9999,-9999.0,-9999.0,-9999.0,-9999.0,-9999.0,-9999.0,-9999,-9999,-9999,-9999,-9999.0,-9999.0,CO,MT,S.J. DO RIO CLARO,A903,-13.45,-56.66666666,350.0
204465,2015-09-06,11:00,0.0,951.4,951.4,950.6,539,20.4,13.8,20.4,16.8,13.8,12.3,78,66,66,258,1.5,0.1,CO,GO,ITAPACI,A015,-14.98027777,-49.53944444,522.0
185528,2012-06-25,20:00,0.0,969.6,969.9,969.6,739,21.9,15.4,24.1,21.9,15.8,14.7,67,56,66,168,4.6,1.5,CO,MS,AMAMBAI,A750,-23.0025,-55.32944443,431.0
4537,2016-07-08,01:00,0.0,956.9,957.0,956.6,-9999,22.3,16.7,23.1,22.2,16.7,16.5,71,67,71,236,2.5,0.7,CO,MT,CAMPO NOVO DOS PARECIS,A905,-13.78333333,-57.83333333,570.0
137624,2011-06-08,08:00,0.0,977.5,977.5,976.7,-9999,5.5,5.2,8.2,5.5,7.9,5.2,98,97,98,357,1.9,0.0,CO,MS,RIO BRILHANTE,A743,-21.77472221,-54.52805554,329.0
108437,2011-02-07,05:00,-9999.0,946.3,946.5,946.2,-9999,22.3,21.0,22.8,22.2,21.5,21.0,94,92,92,71,3.2,2.2,CO,MT,ITIQUIRA,A933,-17.29722221,-54.83722221,585.0
402050,2008-08-19,02:00,0.0,997.3,997.5,996.9,-9999,19.9,15.8,22.7,19.7,16.0,14.8,78,63,77,184,4.4,0.5,CO,MS,MIRANDA,A722,-20.38333333,-56.41666666,140.0
134349,2006-12-06,21:00,0.0,977.1,977.2,976.9,316,26.7,-6.0,27.5,26.7,-5.2,-7.2,11,10,11,323,3.6,0.9,CO,MT,JUARA,A914,-11.28027777,-57.52666666,260.0
280398,2013-03-24,06:00,0.0,929.1,929.7,929.1,-9999,21.2,19.9,21.4,21.2,20.0,19.8,93,91,92,38,3.6,3.2,CO,MS,COSTA RICA,A760,-18.82277777,-53.26722221,730.0
32303,2013-04-27,07:00,0.0,958.3,958.7,958.3,-9999,17.3,16.4,17.6,17.0,16.8,16.0,95,94,95,89,1.1,0.0,CO,GO,ITUMBIARA,A035,-18.40972222,-49.19194444,488.0
378395,2017-12-13,11:00,0.0,938.2,938.2,937.6,275,21.4,19.7,21.4,21.1,19.9,19.5,92,90,90,35,4.3,1.5,CO,GO,GOIANESIA,A022,-15.22027777,-48.99027777,667.0
249213,2019-06-13,21:00,0.0,961.4,961.4,961.1,264,25.5,14.8,29.1,25.5,14.8,13.3,52,39,52,136,3.0,0.2,CO,MS,DOURADOS,A721,-22.19392,-54.911355,463.3
136017,2009-07-02,15:00,0.0,933.3,934.1,933.3,2328,29.2,5.2,29.4,27.6,7.7,4.7,27,21,22,27,3.5,1.0,CO,GO,CAIAPONIA,A023,-16.96666666,-51.81749999,737.0
56133,2011-05-29,21:00,0.0,987.9,988.0,987.9,615,27.4,18.6,28.8,27.4,18.6,17.2,58,49,58,123,3.2,1.2,CO,MT,VILA BELA DA SANTISSIMA TRINDADE,A922,-15.06277777,-59.87277777,222.0
132254,2014-02-05,14:00,0.0,921.5,921.8,921.5,3619,29.4,16.4,29.5,28.0,17.4,16.4,51,45,46,116,9.7,4.8,CO,GO,POSSE,A017,-14.08916666,-46.36638888,834.0
68966,2019-05-22,01:00,0.0,932.5,932.5,932.2,-9999,19.9,14.7,21.4,19.9,14.7,14.4,72,65,72,252,1.9,1.1,CO,GO,CAIAPONIA,A023,-16.966841,-51.817567,740.1
178329,2020-08-13,07:00,0.0,976.9,977.1,976.7,-9999,19.4,11.1,20.5,19.4,11.8,11.1,59,56,59,193,2.8,1.2,CO,MT,RONDONOPOLIS,A907,-16.4625,-54.58027777,289.88
30328,2021-03-05,16:00,-9999.0,-9999.0,-9999.0,-9999.0,-9999,-9999.0,-9999.0,-9999.0,-9999.0,-9999.0,-9999.0,-9999,-9999,-9999,-9999,-9999.0,-9999.0,CO,GO,ARAGARCAS,A013,-15.90277777,-52.24527777,327.35
299722,2019-09-23,21:00,0.0,979.7,979.9,979.2,457,33.1,21.8,35.0,33.1,21.8,19.7,52,42,52,286,0.0,0.0,CO,MT,JUARA,A914,-11.280158,-57.526641,263.43
317022,2020-02-03,06:00,0.0,963.5,963.9,963.4,-9999,23.4,22.3,23.8,23.4,22.3,22.2,93,91,93,302,0.0,0.0,CO,MT,BRASNORTE (NOVO MUNDO),A927,-12.52194443,-58.23138888,426.2
56020,2013-05-25,04:00,0.0,989.0,989.0,988.7,-9999,24.2,23.0,24.6,24.2,23.1,22.9,93,91,93,241,1.2,0.0,CO,MT,APIACAS,A910,-9.56388888,-57.3936111,220.0
1765,2003-03-15,13:00,0.0,954.0,954.0,953.7,-9999,24.3,21.6,24.3,22.1,21.8,21.0,94,84,85,234,2.5,0.6,CO,MT,CAMPO NOVO DOS PARECIS,A905,-13.78333333,-57.83333333,570.0
239994,2009-05-16,00:00,0.0,920.5,920.6,920.3,-9999,21.9,19.5,22.2,21.8,19.6,19.5,87,85,86,112,3.0,1.3,CO,GO,POSSE,A017,-14.08916666,-46.36638888,834.0
170988,2012-09-16,12:00,0.0,972.5,972.5,972.0,896,25.2,21.4,25.2,22.6,21.4,20.2,88,80,80,153,2.2,0.2,CO,MT,JUINA,A920,-11.36694443,-58.73305554,220.0
324888,2020-12-27,00:00,-9999.0,-9999.0,-9999.0,-9999.0,-9999,-9999.0,-9999.0,-9999.0,-9999.0,-9999.0,-9999.0,-9999,-9999,-9999,-9999,-9999.0,-9999.0,CO,MT,BRASNORTE (NOVO MUNDO),A927,-12.52194443,-58.23138888,426.2
34465,2018-09-10,19:00,0.0,957.9,958.6,957.9,2213,33.7,6.4,34.5,33.3,8.5,5.6,21,17,18,296,3.4,1.5,CO,MS,SIDROLANDIA,A754,-20.98166666,-54.97194443,464.0
145253,2008-09-14,05:00,-9999.0,-9999.0,-9999.0,-9999.0,-9999,-9999.0,-9999.0,-9999.0,-9999.0,-9999.0,-9999.0,-9999,-9999,-9999,-9999,-9999.0,-9999.0,CO,MT,NOVA MARINGA,A928,-13.06555555,-57.15611111,353.0
66936,2012-02-23,12:00,0.0,999.7,999.7,999.0,1472,28.2,23.2,28.5,26.3,23.8,22.9,86,72,74,317,7.0,3.1,CO,MS,NHUMIRIM,A717,-18.98888888,-56.62305554,91.0
360788,2013-11-17,20:00,0.0,941.2,941.5,941.1,535,25.4,21.6,27.9,25.4,23.6,20.6,82,62,79,259,7.4,3.0,CO,MT,COMODORO,A913,-13.70861111,-59.76277777,591.0
406041,2012-06-20,09:00,0.0,-9999.0,-9999.0,-9999.0,-9999,20.7,18.3,21.3,20.6,18.7,18.3,87,85,86,95,0.0,0.0,CO,MT,GUIRATINGA,A932,-16.34166666,-53.76611111,526.0
10390,2002-01-28,22:00,0.0,928.9,928.9,928.2,104,24.2,20.3,26.5,24.2,20.6,19.3,79,66,79,257,1.5,0.6,CO,GO,GOIANIA,A002,-16.64277777,-49.21999999,770.0
352271,2009-03-19,23:00,0.0,930.2,930.2,929.2,-9999,24.7,19.6,25.6,24.4,19.7,19.0,75,67,73,60,2.8,0.4,CO,GO,GOIANIA,A002,-16.64277777,-49.21999999,770.0
8108,2005-12-04,20:00,0.0,973.4,973.6,973.2,3828,25.9,22.9,26.1,25.7,23.2,22.7,84,83,84,79,4.1,2.8,CO,MT,RONDONOPOLIS,A907,-16.45,-54.56666666,284.0
97812,2018-09-18,10:00,-9999.0,-9999.0,-9999.0,-9999.0,-9999,-9999.0,-9999.0,-9999.0,-9999.0,-9999.0,-9999.0,-9999,-9999,-9999,-9999,-9999.0,-9999.0,CO,MT,S.J. DO RIO CLARO,A903,-13.45,-56.66666666,350.0
45074,2014-02-23,02:00,0.0,938.6,938.6,938.1,-9999,21.5,20.3,21.7,21.5,20.5,20.2,93,92,93,327,3.1,0.9,CO,MT,SANTO ANTONIO DO LESTE,A931,-14.92777777,-53.8836111,648.0
8187,2016-08-13,05:00,0.0,932.6,933.1,932.6,-9999,17.6,9.3,19.4,17.6,9.7,8.9,60,51,58,112,1.6,0.3,CO,GO,GOIANIA,A002,-16.64277777,-49.21999999,770.0
10144,2008-04-11,03:00,0.0,-9999.0,-9999.0,-9999.0,-9999,22.4,19.4,23.9,22.4,20.1,19.2,83,79,83,132,2.2,1.8,CO,GO,GOIANIA,A002,-16.64277777,-49.21999999,770.0
320812,2011-05-07,04:00,0.0,977.1,977.3,977.1,-9999,25.7,22.1,26.5,25.6,22.3,21.4,82,74,81,192,1.7,0.3,CO,GO,ARAGARCAS,A013,-15.90583333,-52.24388888,347.0
273587,2010-08-13,11:00,0.0,936.4,936.4,935.8,304,18.5,9.3,18.6,14.6,9.3,7.4,63,51,55,288,0.0,0.0,CO,GO,CAIAPONIA,A023,-16.96666666,-51.81749999,737.0
315269,2019-03-25,05:00,0.2,962.9,963.6,962.9,-9999,23.3,22.6,23.5,23.2,22.9,22.6,97,96,96,139,0.0,0.0,CO,MT,BRASNORTE (NOVO MUNDO),A927,-12.52194443,-58.23138888,426.2
217799,2013-06-30,07:00,0.0,979.0,979.1,978.7,-9999,19.9,18.9,20.5,19.9,19.2,18.8,94,92,94,146,0.9,0.0,CO,MT,GUARANTA DO NORTE,A906,-9.95,-54.88333333,320.0
300863,2008-02-09,23:00,0.0,966.9,966.9,966.4,-9999,23.2,22.2,23.7,23.2,22.6,22.2,95,93,95,329,1.6,0.8,CO,MT,SINOP,A917,-11.98222221,-55.56583333,371.0
2413,2015-08-13,15:00,0.0,922.2,923.0,922.2,2970,27.7,7.1,27.8,25.9,8.3,6.2,31,27,27,72,12.2,4.9,CO,MT,ALTO TAQUARI,A934,-17.81555555,-53.28749999,875.0
229380,2019-03-09,12:00,0.0,922.6,922.7,922.3,2120,27.7,18.2,27.9,24.7,19.2,17.5,71,55,56,127,6.7,3.5,CO,GO,POSSE,A017,-14.08921,-46.366497,830.0
223127,2007-07-29,23:00,0.0,923.7,923.8,922.9,-9999,23.7,11.9,24.5,23.6,11.9,10.8,48,42,48,117,5.5,3.1,CO,GO,POSSE,A017,-14.08916666,-46.36638888,834.0
176077,2019-10-16,02:00,0.0,914.2,914.3,914.1,-9999,25.8,8.6,26.7,25.8,8.7,8.2,34,31,34,128,3.7,1.8,CO,GO,CATALAO,A034,-18.154779,-47.927614,900.72
298624,2018-02-19,16:00,0.0,977.8,978.8,977.8,1261,27.3,22.3,27.5,26.1,23.0,22.2,80,74,74,10,5.3,1.3,CO,MT,RONDONOPOLIS,A907,-16.45,-54.56666666,284.0
337911,2013-04-08,15:00,0.0,967.8,968.6,967.8,1942,29.0,21.6,29.4,28.7,22.4,21.4,68,64,65,103,4.3,1.8,CO,MS,PARANAIBA,A710,-19.69527777,-51.18138888,424.0
363021,2019-09-05,21:00,-9999.0,-9999.0,-9999.0,-9999.0,-9999,-9999.0,-9999.0,-9999.0,-9999.0,-9999.0,-9999.0,-9999,-9999,-9999,-9999,-9999.0,-9999.0,CO,MS,FATIMA DO SUL,S708,-22.308694,-54.325833,340.0
74716,2019-01-16,15:00,-9999.0,-9999.0,-9999.0,-9999.0,-9999,-9999.0,-9999.0,-9999.0,-9999.0,-9999.0,-9999.0,-9999,-9999,-9999,-9999,-9999.0,-9999.0,CO,MT,S.J. DO RIO CLARO,A903,-13.453981,-56.677323,339.59
226984,2015-11-29,16:00,0.0,962.0,962.9,962.0,3514,31.0,18.7,31.4,29.6,21.9,17.9,62,46,48,71,5.9,2.5,CO,MT,TANGARA DA SERRA,A902,-14.65,-57.41666666,321.5
94397,2008-07-17,05:00,0.0,962.9,963.2,962.8,-9999,12.8,9.6,15.6,12.7,10.4,9.1,81,71,81,173,2.8,0.1,CO,GO,ITUMBIARA,A035,-18.40972222,-49.19194444,488.0
151710,2011-03-13,21:00,0.0,965.3,965.3,964.8,191,25.8,21.7,28.0,25.8,23.3,21.6,80,69,78,331,7.9,3.3,CO,MT,QUERENCIA,A916,-12.5986111,-52.19444444,339.0
268476,2010-01-12,12:00,0.0,931.2,931.2,930.8,1595,24.3,19.0,24.3,22.3,20.5,18.8,87,72,72,253,4.0,2.4,CO,GO,CAIAPONIA,A023,-16.96666666,-51.81749999,737.0
78373,2019-06-18,00:00,0.0,976.4,976.4,975.7,-9999,19.9,15.3,21.4,19.9,16.2,15.3,76,69,75,236,0.0,0.0,CO,MT,S.J. DO RIO CLARO,A903,-13.453981,-56.677323,339.59
206335,2008-05-19,07:00,0.0,951.6,951.8,951.5,-9999,17.3,15.5,18.3,17.3,16.1,15.5,90,86,89,72,1.5,0.2,CO,GO,MONTE ALEGRE DE GOIAS,A032,-13.24805555,-46.88972221,1253.0
132746,2008-12-28,02:00,5.8,910.5,910.8,910.2,-9999,19.9,19.0,20.2,19.7,19.4,18.8,95,95,95,26,6.5,2.3,CO,GO,CATALAO,A034,-18.15777777,-47.92638888,890.0
241582,2019-07-30,22:00,-9999.0,-9999.0,-9999.0,-9999.0,-9999,-9999.0,-9999.0,-9999.0,-9999.0,-9999.0,-9999.0,-9999,-9999,-9999,-9999,-9999.0,-9999.0,CO,MS,NOVA ANDRADINA,S713,-22.078528,-53.465889,372.0
296281,2017-10-19,20:00,0.0,920.0,920.0,919.6,439,31.1,7.3,32.0,31.1,7.7,6.8,23,21,23,27,5.4,1.8,CO,GO,POSSE,A017,-14.08916666,-46.36638888,834.0
138919,2020-01-05,18:00,0.0,969.6,971.0,969.6,2634,34.9,27.8,35.2,32.4,29.2,27.4,80,65,67,284,11.5,3.9,CO,MT,NOVA MARINGA,A928,-13.038642,-57.092201,334.36
349001,2007-10-08,17:00,0.0,900.9,902.0,900.9,3222,31.7,5.4,32.6,30.5,8.9,5.4,25,19,19,94,12.8,5.5,CO,GO,LUZIANIA,A012,-16.27222222,-47.96638889,959.5
296950,2017-11-16,17:00,0.0,920.2,921.1,920.2,1887,28.9,14.5,29.8,28.4,15.0,13.3,44,36,41,281,5.4,1.6,CO,GO,POSSE,A017,-14.08916666,-46.36638888,834.0
220700,2019-01-07,09:00,0.0,955.6,955.6,954.9,13,20.2,19.3,20.5,20.1,19.6,19.3,95,94,95,190,0.0,0.0,CO,GO,GOIAS,A014,-15.939729,-50.141433,512.86
29338,2020-08-27,08:00,0.0,955.0,955.0,954.6,-9999,18.9,2.4,22.3,18.9,2.4,1.2,33,25,33,210,4.8,0.2,CO,GO,GOIAS,A014,-15.93972221,-50.14138888,512.86
43165,2019-03-18,02:00,0.0,952.0,952.0,951.6,3538,24.3,21.6,24.4,23.4,21.9,21.3,89,85,85,-9999,3.1,1.6,CO,MS,CAMPO GRANDE,A702,-20.447195,-54.722615,528.47
31400,2010-04-26,22:00,0.0,967.7,967.7,967.3,21,19.2,17.9,19.9,18.9,18.1,17.6,93,89,92,245,3.0,0.7,CO,MS,SETE QUEDAS,A751,-23.96694443,-55.02416666,402.0
28458,2009-03-23,00:00,0.0,923.2,923.2,922.7,-9999,21.3,19.3,21.5,21.3,19.5,19.3,90,88,89,276,4.0,2.2,CO,GO,RIO VERDE,A025,-17.78583333,-50.98138888,782.0
73810,2009-06-05,10:00,0.0,979.7,979.7,979.0,-9999,19.1,18.2,20.5,19.0,18.8,17.8,95,90,94,129,1.9,0.0,CO,MT,CARLINDA,A926,-10.00527777,-55.79055555,306.0
219486,2019-07-27,17:00,0.0,943.1,944.3,943.1,2371,26.7,6.6,27.5,25.3,7.3,5.9,29,27,28,64,8.9,4.4,CO,GO,GOIANESIA,A022,-15.22027777,-48.98999999,667.01
159661,2015-07-26,15:00,0.0,975.8,976.5,975.8,2484,21.1,13.7,21.1,17.3,15.4,12.7,85,63,63,105,2.9,0.4,CO,MS,JUTI,A749,-22.85722222,-54.60555555,379.0
168971,2019-12-24,00:00,-9999.0,-9999.0,-9999.0,-9999.0,-9999,-9999.0,-9999.0,-9999.0,-9999.0,-9999.0,-9999.0,-9999,-9999,-9999,-9999,-9999.0,-9999.0,CO,GO,SAO MIGUEL DO ARAGUAIA,A031,-12.820489,-50.335969,210.0
112641,2013-06-28,17:00,0.0,920.8,921.7,920.8,2772,28.5,9.1,30.0,28.4,9.3,8.4,30,27,30,26,5.9,2.5,CO,GO,POSSE,A017,-14.08916666,-46.36638888,834.0
265653,2018-09-15,19:00,0.0,972.5,973.0,972.4,2378,27.7,14.9,28.4,27.1,15.4,14.0,48,42,46,267,5.4,2.1,CO,MS,IGUATEMI,S709,-23.64444444,-54.57027777,319.0
386789,2012-04-11,05:00,0.0,973.8,973.8,973.6,-9999,22.6,21.2,23.3,22.6,21.6,21.1,92,90,92,214,1.2,0.0,CO,MT,NOVA MARINGA,A928,-13.06555555,-57.15611111,353.0
121794,2020-01-24,05:00,0.0,982.7,983.3,982.7,3,22.5,-9999.0,22.7,22.4,22.5,21.9,100,95,-9999,-9999,-9999.0,-9999.0,CO,MS,BELA VISTA,A757,-22.10166666,-56.54083333,206.09
16226,2012-11-06,02:00,4.8,884.5,884.9,884.5,-9999,17.8,16.3,19.3,17.4,18.0,16.1,95,89,91,15,6.0,1.9,CO,DF,BRASILIA,A001,-15.78944444,-47.92583332,1159.54
399687,2018-12-07,13:00,0.0,972.6,972.6,972.2,2474,28.1,14.3,28.1,24.7,15.0,13.8,54,43,43,166,6.6,3.4,CO,MS,IVINHEMA,A709,-22.30666666,-53.82722221,373.8
28677,2012-04-06,21:00,0.0,974.6,974.8,974.4,621,29.2,24.3,31.2,29.2,24.6,22.2,76,60,75,317,1.9,1.0,CO,MT,ALTA FLORESTA,A924,-9.84944444,-56.1,289.0
27315,2003-02-06,03:00,0.0,977.0,977.1,976.9,-9999,23.5,21.4,23.5,23.3,21.5,21.2,89,88,88,69,2.4,0.8,CO,MS,TRES LAGOAS,A704,-20.78999999,-51.71222222,313.0
175360,2019-01-07,16:00,0.0,968.2,969.3,968.2,3023,31.5,21.3,32.2,30.7,22.9,21.1,61,54,55,354,10.4,4.7,CO,MS,SANTA RITA DO PARDO,S716,-21.305889,-52.820375,383.0
294653,2021-02-07,05:00,1.2,961.3,961.9,961.3,-9999,21.4,-9999.0,21.6,21.4,-9999.0,-9999.0,-9999,-9999,-9999,306,8.0,3.7,CO,MT,SERRA NOVA DOURADA,A943,-11.98777777,-51.4261111,441.0
360755,2018-06-28,09:00,0.0,972.3,972.3,971.9,-9999,17.4,14.9,19.0,17.3,15.1,14.6,85,77,85,255,4.0,0.3,CO,MS,SANTA RITA DO PARDO,S716,-21.30583333,-52.82027777,383.0
16377,2006-12-24,09:00,0.0,921.7,921.7,921.4,-9999,20.0,19.8,20.3,19.7,20.0,19.3,98,97,98,69,1.9,1.2,CO,MS,CHAPADAO DO SUL,A730,-18.80222222,-52.60277777,818.0
91434,2015-10-11,20:00,-9999.0,961.1,961.6,961.1,1991,27.6,19.9,28.6,27.6,20.0,19.3,63,58,63,71,6.0,2.9,CO,MT,BRASNORTE (MUNDO NOVO),A927,-12.87194443,-58.38722221,431.0
147,2018-04-22,01:00,0.0,973.5,973.7,973.3,-9999,25.2,22.8,26.1,25.2,22.9,22.3,86,80,86,182,0.0,0.0,CO,MT,NOVA MARINGA,A928,-13.06555555,-57.15611111,353.0
46707,2020-04-26,03:00,-9999.0,-9999.0,-9999.0,-9999.0,-9999,-9999.0,-9999.0,-9999.0,-9999.0,-9999.0,-9999.0,-9999,-9999,-9999,-9999,-9999.0,-9999.0,CO,MS,SELVIRIA,S717,-20.351444,-51.430222,374.0
332498,2013-08-26,02:00,0.0,976.6,976.8,976.4,-9999,9.0,6.7,9.0,8.8,6.7,6.5,86,85,86,228,8.4,2.9,CO,MS,JUTI,A749,-22.85722222,-54.60555555,379.0
20637,2006-06-19,21:00,-9999.0,-9999.0,-9999.0,-9999.0,-9999,-9999.0,-9999.0,-9999.0,-9999.0,-9999.0,-9999.0,-9999,-9999,-9999,-9999,-9999.0,-9999.0,CO,MT,CAMPO NOVO DOS PARECIS,A905,-13.78333333,-57.83333333,570.0
29350,2021-01-23,22:00,-9999.0,-9999.0,-9999.0,-9999.0,-9999,-9999.0,-9999.0,-9999.0,-9999.0,-9999.0,-9999.0,-9999,-9999,-9999,-9999,-9999.0,-9999.0,CO,GO,ARAGARCAS,A013,-15.90277777,-52.24527777,327.35
349267,2016-10-05,19:00,0.0,935.8,936.3,935.7,1916,24.0,15.0,25.6,23.8,16.7,14.9,63,54,57,210,5.7,2.5,CO,MS,PONTA PORA,A703,-22.5525,-55.71638888,675.0
240862,2011-03-21,22:00,0.0,921.5,921.5,921.3,28,22.3,21.2,23.4,22.3,21.3,20.4,94,84,93,48,7.8,3.6,CO,GO,RIO VERDE,A025,-17.78583333,-50.98138888,782.0
321409,2016-04-10,03:00,0.0,899.7,899.9,899.7,-9999,22.1,14.7,22.1,19.7,15.1,14.7,74,63,63,107,4.0,2.1,CO,DF,AGUAS EMENDADAS,A045,-15.59638888,-47.62583332,1200.0
382429,2012-10-12,13:00,0.0,985.3,985.3,984.8,2118,26.2,15.8,26.3,24.7,16.4,15.1,59,52,53,176,8.4,3.7,CO,MT,PONTES E LACERDA,A937,-15.25111111,-59.34666666,256.0
123169,2008-10-26,01:00,0.0,995.9,995.9,995.2,-9999,31.1,21.0,32.8,31.1,21.0,19.7,55,46,55,25,4.4,2.5,CO,MS,PORTO MURTINHO,A723,-21.70583333,-57.88666666,85.0
64438,2011-05-10,22:00,0.0,899.8,899.8,899.2,-9999,17.1,11.5,20.0,16.7,12.4,11.4,74,60,69,92,2.9,1.9,CO,DF,AGUAS EMENDADAS,A045,-15.59638888,-47.62583332,1200.0
16776,2012-11-29,00:00,0.0,884.0,884.1,882.9,-9999,19.9,19.0,20.5,19.9,19.1,18.9,95,92,95,350,5.3,3.2,CO,DF,BRASILIA,A001,-15.78944444,-47.92583332,1159.54
310784,2010-11-11,08:00,0.2,911.9,911.9,911.2,-9999,19.4,18.2,19.5,19.2,18.3,18.0,93,93,93,205,2.6,0.2,CO,GO,CATALAO,A034,-18.15777777,-47.92638888,890.0
83557,2019-10-27,02:00,-9999.0,-9999.0,-9999.0,-9999.0,-9999,-9999.0,-9999.0,-9999.0,-9999.0,-9999.0,-9999.0,-9999,-9999,-9999,-9999,-9999.0,-9999.0,CO,MT,PORTO ESTRELA,A935,-15.32472221,-57.22583332,147.75
89606,2007-04-22,14:00,0.0,924.4,924.9,924.4,2774,27.1,17.7,27.4,25.7,19.2,17.7,66,55,56,46,8.2,4.4,CO,MS,CHAPADAO DO SUL,A730,-18.80222222,-52.60277777,818.0
137029,2010-05-30,13:00,0.0,941.4,941.5,941.3,1831,26.7,13.0,26.9,24.0,13.7,12.6,52,42,43,8,2.4,1.0,CO,GO,PARAUNA,A027,-16.94583333,-50.42527777,678.0
40326,2011-08-09,06:00,0.0,937.7,938.2,937.7,-9999,25.2,14.9,25.8,25.1,14.9,14.4,53,50,53,352,7.6,3.9,CO,MS,PONTA PORA,A703,-22.5525,-55.71638888,675.0
62742,2017-03-01,06:00,0.0,878.7,879.1,878.6,-9999,18.5,16.5,18.6,18.5,16.6,16.4,89,87,89,305,6.0,3.3,CO,GO,CRISTALINA,A036,-16.78805555,-47.61166666,1202.0
154567,2020-08-06,07:00,-9999.0,-9999.0,-9999.0,-9999.0,-9999,-9999.0,-9999.0,-9999.0,-9999.0,-9999.0,-9999.0,-9999,-9999,-9999,-9999,-9999.0,-9999.0,CO,MS,NOVA ANDRADINA,S713,-22.078528,-53.465889,372.0
149148,2012-03-22,12:00,0.0,981.5,981.5,980.5,559,24.9,23.8,25.0,23.8,24.2,23.5,98,93,93,318,1.4,0.2,CO,MT,JUARA,A914,-11.28027777,-57.52666666,260.0
83108,2020-06-17,20:00,0.0,961.7,962.0,961.7,85,26.5,15.4,28.3,26.4,16.4,15.1,51,46,51,34,10.4,4.1,CO,MS,CAARAPO,S706,-22.657056,-54.819306,456.0
296711,2016-06-18,01:00,0.0,941.7,941.7,941.2,-9999,19.3,8.3,19.9,19.3,8.8,8.1,49,47,49,286,1.9,0.0,CO,GO,PARAUNA,A027,-16.94583333,-50.42527777,678.0
283923,2018-06-17,03:00,0.0,988.0,988.3,988.0,-9999,20.7,18.0,21.2,20.6,18.5,17.9,85,83,85,186,3.6,1.4,CO,MT,COTRIGUACU,A919,-9.90611111,-58.57194443,261.0
235880,2009-11-25,14:00,0.0,977.7,977.9,977.7,2608,29.8,21.8,30.0,28.8,23.5,21.5,72,61,62,179,4.8,1.5,CO,MT,RONDONOPOLIS,A907,-16.45,-54.56666666,284.0
232093,2008-08-13,13:00,0.0,961.4,961.5,961.0,1947,30.3,7.9,31.1,26.8,9.9,7.0,33,22,25,14,9.1,5.0,CO,MT,PARANATINGA,A915,-14.42138888,-54.03527777,474.0
109013,2011-03-03,05:00,-9999.0,940.7,941.1,940.7,-9999,22.0,21.0,22.2,22.0,21.1,21.0,94,94,94,46,7.2,5.1,CO,MT,ITIQUIRA,A933,-17.29722221,-54.83722221,585.0
69341,2014-09-06,08:00,0.0,963.1,963.1,963.0,0,21.7,19.8,22.1,21.6,19.9,19.7,90,86,89,208,12.9,3.9,CO,MT,AGUA BOA,A908,-14.01611111,-52.21222222,432.0
135230,2010-03-16,14:00,0.0,940.0,940.2,940.0,1937,27.2,21.9,27.3,25.5,22.2,21.3,78,73,73,145,5.0,1.5,CO,GO,PARAUNA,A027,-16.94583333,-50.42527777,678.0
94571,2019-10-18,11:00,0.0,952.6,952.6,952.0,500,25.0,19.4,25.0,22.1,20.2,18.9,83,71,71,299,0.0,0.0,CO,GO,ITAPACI,A015,-14.979792,-49.539977,551.16
268172,2020-07-12,20:00,0.0,973.5,973.5,973.1,801,28.3,16.8,30.4,28.3,16.9,15.9,50,43,50,277,6.8,2.2,CO,MS,IGUATEMI,S709,-23.644481,-54.570289,319.0
409671,2013-06-17,15:00,-9999.0,972.5,973.1,972.5,2152,30.5,19.1,31.5,29.9,19.9,17.7,51,46,51,24,5.7,2.8,CO,MT,SINOP,A917,-11.98222221,-55.56583333,371.0
331145,2010-03-09,17:00,0.0,944.4,945.4,944.4,3527,32.1,18.3,32.1,30.4,21.0,18.3,56,44,44,337,7.8,2.0,CO,MT,ITIQUIRA,A933,-17.29722221,-54.83722221,585.0
103043,2018-12-12,05:00,0.0,932.8,933.2,932.7,-9999,22.2,19.4,22.6,22.2,19.5,19.3,84,83,84,34,6.0,4.0,CO,MS,COSTA RICA,A760,-18.82277777,-53.26722221,730.0
224246,2016-07-12,14:00,0.0,959.9,960.3,959.9,2042,28.3,13.0,29.0,24.3,13.7,12.7,49,38,39,341,0.0,0.0,CO,MS,CASSILANDIA,A742,-19.12249999,-51.72083332,516.0
293742,2016-02-15,08:00,0.0,935.2,935.2,935.0,-9999,23.0,20.7,23.4,22.9,21.5,20.7,91,86,87,332,7.2,3.5,CO,GO,PARAUNA,A027,-16.94583333,-50.42527777,678.0
328804,2020-06-07,04:00,0.0,948.1,948.3,948.1,-9999,22.3,17.0,22.3,21.2,17.2,16.9,77,72,72,1,3.6,2.8,CO,GO,EDEIA,A029,-17.33694444,-49.91472222,608.0
183529,2010-05-03,01:00,0.0,978.3,978.7,978.3,-9999,19.8,13.4,20.8,19.8,13.5,13.1,67,62,67,122,0.4,0.0,CO,MS,TRES LAGOAS,A704,-20.78999999,-51.71222222,313.0
203484,2018-11-03,12:00,0.0,968.4,968.4,968.2,1957,28.5,-9999.0,28.5,26.0,-9999.0,-9999.0,-9999,-9999,-9999,315,6.3,3.7,CO,MS,ITAPORA,S710,-22.09277777,-54.79888888,360.0
188719,2010-12-05,07:00,0.0,971.8,971.8,971.2,-9999,26.9,21.7,27.7,26.9,21.7,21.2,73,68,73,219,2.7,1.0,CO,MS,TRES LAGOAS,A704,-20.78999999,-51.71222222,313.0
273426,2012-06-28,06:00,0.0,972.4,972.8,972.4,-9999,19.3,13.2,19.9,19.2,14.3,13.2,71,66,68,117,3.9,0.1,CO,MT,SORRISO,A904,-12.55,-55.71666666,380.0
321455,2020-10-17,10:00,0.0,958.3,958.3,957.4,192,22.4,18.0,22.4,21.7,18.1,17.8,79,76,76,176,0.0,0.0,CO,GO,ITUMBIARA,A035,-18.409761,-49.192061,491.17
90914,2015-09-20,04:00,0.0,962.0,962.1,962.0,-9999,27.6,11.4,27.6,27.0,13.1,11.4,42,37,37,340,2.0,1.0,CO,MT,BRASNORTE (MUNDO NOVO),A927,-12.87194443,-58.38722221,431.0
43452,2014-12-17,12:00,0.0,975.9,975.9,975.2,969,25.2,22.2,25.3,24.2,22.9,22.0,92,83,83,281,2.9,0.8,CO,MT,NOVA MARINGA,A928,-13.06555555,-57.15611111,353.0
61800,2014-10-27,03:00,0.2,905.6,905.6,905.4,-9999,18.2,17.0,18.7,18.0,17.0,16.6,93,88,93,347,2.1,0.6,CO,DF,GAMA (PONTE ALTA),A046,-15.93527777,-48.13749999,990.0
25091,2016-07-16,13:00,0.0,965.9,965.9,964.7,442,13.0,11.1,13.0,12.5,11.6,10.6,93,87,88,326,8.5,3.3,CO,MS,DOURADOS,A721,-22.19388888,-54.91138888,469.0
108405,2015-09-18,23:00,-9999.0,-9999.0,-9999.0,-9999.0,-9999,-9999.0,-9999.0,-9999.0,-9999.0,-9999.0,-9999.0,-9999,-9999,-9999,-9999,-9999.0,-9999.0,CO,MT,SAO FELIX  DO ARAGUAIA,A921,-11.61888888,-50.72777777,218.0
20238,2018-08-07,04:00,0.0,980.2,980.6,980.2,-9999,21.0,20.0,21.6,20.8,20.7,19.9,95,94,94,151,2.0,1.2,CO,MT,ALTA FLORESTA,A924,-9.84944444,-56.1,289.0
121403,2010-08-05,01:00,0.0,963.6,963.6,962.8,-9999,18.5,12.0,20.3,18.5,12.1,11.9,66,59,66,219,0.0,0.0,CO,MS,CASSILANDIA,A742,-19.12249999,-51.72083332,516.0
6328,2017-01-19,11:00,0.0,887.6,887.6,887.2,408,19.4,17.8,19.4,17.9,17.9,17.0,94,91,91,275,2.0,0.7,CO,DF,BRASILIA,A001,-15.78944444,-47.92583332,1159.54
6759,2019-10-09,15:00,0.0,975.9,976.7,975.9,1498,29.0,19.7,29.3,28.6,19.8,19.1,58,55,57,74,5.0,2.2,CO,GO,ARAGARCAS,A013,-15.902658,-52.245172,327.35
111066,2011-05-27,18:00,-9999.0,-9999.0,-9999.0,-9999.0,-9999,-9999.0,-9999.0,-9999.0,-9999.0,-9999.0,-9999.0,-9999,-9999,-9999,-9999,-9999.0,-9999.0,CO,MT,ITIQUIRA,A933,-17.29722221,-54.83722221,585.0
210799,2009-01-24,07:00,0.0,962.2,962.2,961.7,-9999,21.5,19.6,21.6,20.3,19.7,19.4,94,89,89,67,6.3,3.5,CO,MS,AMAMBAI,A750,-23.0025,-55.32944443,431.0
68483,2018-11-09,05:00,0.0,967.7,968.5,967.7,-9999,23.0,21.0,23.3,23.0,21.2,21.0,89,88,89,260,2.2,0.0,CO,MT,SORRISO,A904,-12.55,-55.71666666,380.0
36143,2020-04-24,10:00,-9999.0,-9999.0,-9999.0,-9999.0,-9999,-9999.0,-9999.0,-9999.0,-9999.0,-9999.0,-9999.0,-9999,-9999,-9999,-9999,-9999.0,-9999.0,CO,MS,PARANAIBA,A710,-19.695517,-51.181769,408.06
64892,2012-11-30,08:00,0.0,983.8,983.8,983.6,-9999,24.8,22.7,25.2,24.8,22.8,22.7,88,86,88,348,0.0,0.0,CO,MT,VILA BELA DA SANTISSIMA TRINDADE,A922,-15.06277777,-59.87277777,222.0
39467,2009-07-04,11:00,0.0,940.4,940.4,939.6,214,15.9,10.0,17.0,14.8,10.3,8.2,73,59,68,225,1.8,0.1,CO,MT,SANTO ANTONIO DO LESTE,A931,-14.92777777,-53.8836111,648.0
179064,2013-01-27,08:00,0.0,930.4,930.4,929.8,-9999,21.2,19.8,21.2,21.1,20.0,19.7,93,92,92,334,4.0,1.3,CO,GO,GOIANIA,A002,-16.64277777,-49.21999999,770.0
224635,2019-02-27,06:00,0.0,929.6,930.1,929.5,-9999,20.4,18.8,20.9,20.4,19.2,18.7,91,90,91,107,2.1,1.1,CO,GO,MORRINHOS,A003,-17.745066,-49.101698,751.09
100090,2018-10-01,10:00,-9999.0,960.9,960.9,960.0,54,20.0,18.9,20.0,19.5,19.0,18.5,97,93,93,236,3.7,0.8,CO,MS,AMAMBAI,A750,-23.0025,-55.32944443,431.0
125386,2021-03-06,10:00,0.0,907.3,907.3,907.0,34,18.7,18.7,18.7,18.1,18.7,18.1,100,100,100,204,0.8,0.3,CO,GO,SILVANIA,A037,-16.67972221,-48.61805554,952.0
282265,2015-07-25,03:00,0.0,972.8,973.1,972.7,-9999,18.9,18.2,19.6,18.9,18.7,18.0,96,91,96,198,10.8,5.7,CO,MS,BATAGUASSU,A759,-21.75138888,-52.47055554,387.0
156872,2014-11-28,08:00,0.0,955.6,955.6,955.0,-9999,20.4,19.7,20.6,20.4,19.8,19.7,96,96,96,301,3.6,2.2,CO,GO,SAO SIMAO,A011,-18.96666666,-50.61666666,488.51
210718,2015-05-25,00:00,1.0,937.9,938.3,937.5,-9999,21.8,20.6,22.6,21.8,21.2,20.5,93,90,92,9,5.4,1.6,CO,MS,PONTA PORA,A703,-22.5525,-55.71638888,675.0
22509,2017-07-27,21:00,0.0,932.6,932.6,932.2,647,25.4,4.4,27.2,25.4,4.6,3.7,26,23,26,86,7.1,2.7,CO,MT,CAMPO VERDE,A912,-15.52749999,-55.13555555,749.0
404983,2010-08-13,07:00,0.0,980.9,980.9,980.8,-9999,20.1,13.2,20.3,18.2,13.7,13.2,75,64,65,-9999,-9999.0,-9999.0,CO,MT,ALTA FLORESTA,A924,-9.84944444,-56.1,289.0
5513,2015-12-20,19:00,0.0,917.2,917.8,917.1,618,23.8,20.1,24.7,23.1,20.9,19.4,82,75,79,252,4.7,2.2,CO,MT,ALTO TAQUARI,A934,-17.81555555,-53.28749999,875.0
256932,2009-05-01,12:00,0.0,979.8,979.8,979.6,876,18.9,13.7,19.1,15.9,14.2,13.0,86,72,72,123,3.2,1.6,CO,MS,RIO BRILHANTE,A743,-21.77472221,-54.52805554,329.0
120535,2010-07-12,07:00,0.0,970.7,971.1,970.6,-9999,19.8,16.1,20.3,19.8,16.4,16.0,80,77,80,180,1.3,0.0,CO,MT,NOVA MARINGA,A928,-13.06555555,-57.15611111,353.0
204775,2009-05-08,13:00,0.0,997.3,997.3,996.8,897,25.8,20.1,25.8,22.5,20.5,19.7,86,71,71,272,2.9,0.1,CO,MS,AQUIDAUANA,A719,-20.47555554,-55.78388888,155.0
111579,2021-03-31,03:00,-9999.0,916.4,916.7,916.4,0,18.9,16.6,20.3,18.9,17.3,16.4,87,83,87,55,1.8,0.0,CO,MT,ALTO TAQUARI,A934,-17.8411111,-53.28944444,862.42
74765,2003-09-01,05:00,0.0,890.1,890.6,890.1,-9999,19.9,14.0,20.4,19.9,14.1,13.7,69,66,69,77,4.0,1.7,CO,DF,BRASILIA,A001,-15.78944444,-47.92583332,1159.54
238287,2007-09-11,15:00,0.0,939.6,940.3,939.6,3209,31.6,3.7,33.4,30.8,5.2,3.4,19,16,17,156,9.5,3.7,CO,GO,JATAI,A016,-17.92388888,-51.71777777,582.0
115056,2011-05-30,15:00,0.0,983.4,984.1,983.4,2416,27.8,14.2,28.3,26.2,16.4,13.9,54,42,43,113,8.5,3.8,CO,MT,RONDONOPOLIS,A907,-16.45,-54.56666666,284.0
383672,2008-07-16,08:00,0.0,975.8,976.3,975.8,-9999,14.8,8.0,15.8,14.8,8.1,7.9,64,59,64,60,5.5,2.4,CO,MS,JUTI,A749,-22.85722222,-54.60555555,379.0
197887,2010-12-22,07:00,0.0,961.9,962.2,961.9,-9999,22.1,20.6,22.3,21.7,20.8,20.3,92,91,91,32,1.9,0.7,CO,MT,TANGARA DA SERRA,A902,-14.65,-57.41666666,321.5
349564,2013-08-07,04:00,0.0,976.6,977.6,976.6,-9999,18.5,13.6,19.9,18.5,14.1,13.6,74,67,73,227,3.2,1.7,CO,GO,ARAGARCAS,A013,-15.90583333,-52.24388888,347.0
76280,2011-09-16,08:00,-9999.0,-9999.0,-9999.0,-9999.0,-9999,-9999.0,-9999.0,-9999.0,-9999.0,-9999.0,-9999.0,-9999,-9999,-9999,-9999,-9999.0,-9999.0,CO,MT,CAMPO NOVO DOS PARECIS,A905,-13.78333333,-57.83333333,570.0
102358,2006-10-15,22:00,0.2,970.4,970.4,968.9,-9999,26.6,21.5,29.9,26.6,24.7,21.1,80,67,74,28,7.8,3.2,CO,MT,S.J. DO RIO CLARO,A903,-13.45,-56.66666666,350.0
96587,2005-01-10,11:00,0.0,972.4,972.4,971.8,887,25.5,21.4,25.5,23.8,22.0,21.2,87,78,78,324,4.6,2.2,CO,MS,TRES LAGOAS,A704,-20.78999999,-51.71222222,313.0
295785,2013-12-25,09:00,0.0,900.2,900.2,899.7,16,18.0,17.3,18.0,17.5,17.3,16.8,95,95,95,37,1.4,0.3,CO,DF,AGUAS EMENDADAS,A045,-15.59638888,-47.62583332,1200.0
164354,2009-09-26,08:00,0.0,945.1,945.1,944.7,-9999,17.8,17.0,18.2,17.8,17.3,16.8,95,94,95,-9999,0.0,0.0,CO,MT,COMODORO,A913,-13.70861111,-59.76277777,591.0
9026,2019-04-24,15:00,0.0,979.2,980.1,979.2,2454,30.8,21.9,31.6,29.8,23.1,21.8,65,58,59,236,3.8,1.3,CO,MS,AGUA CLARA,A756,-20.44444,-52.87583,323.63
128100,2007-10-16,12:00,0.0,931.1,931.2,930.9,2031,29.9,8.8,30.2,28.0,10.2,8.2,35,26,27,74,5.0,3.2,CO,GO,MORRINHOS,A003,-17.71666667,-49.1,771.42
108845,2006-07-13,05:00,0.0,934.9,935.3,934.9,-9999,13.9,10.8,14.9,13.1,11.1,10.4,85,78,82,230,3.9,0.0,CO,GO,MORRINHOS,A003,-17.71666667,-49.1,771.42
226461,2007-12-15,21:00,0.0,915.5,915.9,915.5,224,25.7,17.5,26.8,25.7,17.5,16.2,61,53,60,13,5.8,2.3,CO,GO,POSSE,A017,-14.08916666,-46.36638888,834.0
281783,2012-04-27,23:00,0.0,956.6,956.6,956.0,-9999,21.7,19.1,22.8,21.7,19.3,18.9,85,80,85,324,1.9,0.2,CO,MS,CASSILANDIA,A742,-19.12249999,-51.72083332,516.0
48641,2020-09-26,04:00,-9999.0,-9999.0,-9999.0,-9999.0,-9999,-9999.0,-9999.0,-9999.0,-9999.0,-9999.0,-9999.0,-9999,-9999,-9999,-9999,-9999.0,-9999.0,CO,MS,BATAGUASSU,A759,-21.750123,-52.471294,392.13
84043,2017-08-05,19:00,0.0,-9999.0,-9999.0,-9999.0,1918,26.4,7.6,27.0,26.1,9.8,7.5,35,30,30,82,7.0,3.0,CO,MS,CAMPO GRANDE,A702,-20.45,-54.6,530.0
277972,2009-09-25,04:00,-9999.0,-9999.0,-9999.0,-9999.0,-9999,-9999.0,-9999.0,-9999.0,-9999.0,-9999.0,-9999.0,-9999,-9999,-9999,-9999,-9999.0,-9999.0,CO,MT,ALTA FLORESTA,A924,-9.84944444,-56.1,289.0
271361,2013-03-12,17:00,0.0,932.1,933.3,932.1,2406,31.6,20.4,32.0,29.5,20.5,17.9,54,48,52,290,12.8,3.4,CO,MS,PONTA PORA,A703,-22.5525,-55.71638888,675.0
268062,2016-07-08,06:00,0.0,974.1,974.5,974.1,-9999,18.6,15.5,19.3,17.6,15.8,14.6,83,80,82,236,0.5,0.0,CO,MT,JUINA,A920,-11.36694443,-58.73305554,220.0
47003,2020-05-08,11:00,-9999.0,-9999.0,-9999.0,-9999.0,-9999,-9999.0,-9999.0,-9999.0,-9999.0,-9999.0,-9999.0,-9999,-9999,-9999,-9999,-9999.0,-9999.0,CO,MS,SELVIRIA,S717,-20.351444,-51.430222,374.0
179439,2011-03-17,15:00,0.0,954.5,955.3,954.5,3136,30.1,21.3,30.9,29.5,22.4,20.7,64,56,59,279,5.7,2.9,CO,GO,GOIAS,A014,-15.93916666,-50.14138888,512.0
331661,2008-02-29,05:00,0.0,950.4,951.2,950.4,-9999,21.7,21.3,22.2,21.7,21.5,21.2,98,95,98,306,2.9,0.0,CO,MT,GUIRATINGA,A932,-16.34166666,-53.76611111,526.0
81008,2013-04-01,08:00,0.0,969.4,969.5,969.3,-9999,19.4,19.4,19.7,19.4,19.7,19.4,100,100,100,277,2.2,0.0,CO,MS,MARACAJU,A731,-21.60916666,-55.17777777,400.0
225157,2017-09-06,08:00,0.0,878.2,878.3,878.2,-9999,13.3,5.1,16.1,13.3,5.3,4.6,58,47,58,83,3.0,0.9,CO,GO,ALTO PARAISO DE GOIAS,A024,-14.13305554,-47.52305554,1260.0
107724,2012-09-18,00:00,0.0,917.0,917.0,916.8,-9999,20.6,15.9,22.0,20.2,16.1,15.3,77,67,74,360,1.5,0.9,CO,MT,ALTO TAQUARI,A934,-17.81555555,-53.28749999,875.0
120295,2018-04-13,05:00,0.0,971.3,972.2,971.3,-9999,22.0,21.0,22.2,22.0,21.2,21.0,94,94,94,70,2.9,1.6,CO,MT,SINOP,A917,-11.98222221,-55.56583333,371.0
47010,2020-07-20,05:00,-9999.0,-9999.0,-9999.0,-9999.0,-9999,-9999.0,-9999.0,-9999.0,-9999.0,-9999.0,-9999.0,-9999,-9999,-9999,-9999,-9999.0,-9999.0,CO,MS,BATAGUASSU,A759,-21.750123,-52.471294,392.13
15135,2015-09-23,15:00,0.0,985.7,986.1,985.7,2762,35.6,19.7,35.9,33.8,21.0,19.2,46,39,40,336,9.5,4.8,CO,MT,VILA BELA DA SANTISSIMA TRINDADE,A922,-15.06277777,-59.87277777,222.0
69544,2019-12-09,16:00,0.0,968.2,969.5,968.2,1486,27.1,20.6,27.3,25.9,21.5,19.9,75,66,68,253,0.0,0.0,CO,MT,GAUCHA DO NORTE,A930,-13.184857,-53.257366,375.87
78556,2015-04-23,06:00,-9999.0,-9999.0,-9999.0,-9999.0,-9999,-9999.0,-9999.0,-9999.0,-9999.0,-9999.0,-9999.0,-9999,-9999,-9999,-9999,-9999.0,-9999.0,CO,MS,MIRANDA,A722,-20.38333333,-56.41666666,140.0
364497,2017-05-13,09:00,-9999.0,922.3,922.3,922.0,-9999,18.2,11.6,18.3,17.9,11.7,11.4,67,65,65,198,1.7,0.3,CO,MS,CHAPADAO DO SUL,A730,-18.80222222,-52.60277777,818.0
3517,2019-05-27,13:00,0.0,978.4,978.5,978.4,1868,28.5,17.6,28.5,26.0,18.2,16.7,63,51,52,80,3.8,1.4,CO,GO,ARAGARCAS,A013,-15.902658,-52.245172,327.35
101558,2003-09-22,14:00,0.0,981.4,981.8,981.4,-9999,31.5,20.7,31.5,29.3,22.2,20.7,65,53,53,251,4.3,2.1,CO,MT,GUARANTA DO NORTE,A906,-9.95,-54.88333333,320.0
255898,2016-02-18,10:00,0.0,984.3,984.3,983.8,24,24.1,23.1,24.6,23.8,23.1,22.6,94,91,94,141,0.4,0.0,CO,MS,COXIM,A720,-18.51222222,-54.73583333,252.0
110661,2005-08-19,21:00,-9999.0,-9999.0,-9999.0,-9999.0,-9999,-9999.0,-9999.0,-9999.0,-9999.0,-9999.0,-9999.0,-9999,-9999,-9999,-9999,-9999.0,-9999.0,CO,MT,CAMPO NOVO DOS PARECIS,A905,-13.78333333,-57.83333333,570.0
344917,2010-10-04,13:00,0.0,959.3,959.5,959.1,666,25.5,19.6,25.8,25.0,19.8,19.1,71,68,70,49,4.4,1.7,CO,GO,ITUMBIARA,A035,-18.40972222,-49.19194444,488.0
317497,2014-01-04,04:00,0.0,931.3,931.5,931.2,-9999,22.2,17.2,22.4,21.7,18.2,17.1,79,73,73,115,2.8,1.0,CO,GO,GOIANIA,A002,-16.64277777,-49.21999999,770.0
211891,2020-02-14,19:00,0.0,964.7,965.7,964.7,2626,33.7,25.3,34.2,32.7,26.1,24.7,64,61,62,-9999,-9999.0,-9999.0,CO,MS,NOVA ALVORADA DO SUL,S712,-21.450972,-54.341972,5.0
82440,2005-05-31,00:00,0.0,964.4,964.4,963.5,-9999,23.5,17.7,24.5,23.2,17.8,17.6,71,66,70,152,4.5,3.9,CO,MT,TANGARA DA SERRA,A902,-14.65,-57.41666666,321.5
384410,2015-11-19,02:00,-9999.0,953.3,953.8,953.2,-9999,22.5,18.5,22.9,22.3,18.7,18.0,79,74,78,-9999,-9999.0,-9999.0,CO,MS,SIDROLANDIA,A754,-20.98166666,-54.97194443,464.0
275874,2009-06-29,18:00,-9999.0,-9999.0,-9999.0,-9999.0,-9999,-9999.0,-9999.0,-9999.0,-9999.0,-9999.0,-9999.0,-9999,-9999,-9999,-9999,-9999.0,-9999.0,CO,MT,ALTA FLORESTA,A924,-9.84944444,-56.1,289.0
223303,2019-04-25,20:00,0.0,955.7,955.9,955.7,1179,30.9,17.4,31.8,30.6,18.9,17.2,48,42,44,85,2.8,0.9,CO,GO,GOIAS,A014,-15.939729,-50.141433,512.86
363828,2020-06-02,12:00,0.0,942.2,942.3,941.9,1125,16.6,12.9,16.7,11.9,12.9,10.5,92,76,78,293,1.5,0.2,CO,GO,JATAI,A016,-17.923622,-51.717467,670.08
63018,2009-03-03,00:00,0.0,969.1,969.1,968.6,-9999,28.2,21.9,29.6,28.0,22.1,20.9,70,59,69,125,-9999.0,-9999.0,CO,MS,JUTI,A749,-22.85722222,-54.60555555,379.0
138812,2018-03-03,20:00,0.0,982.5,983.7,982.5,83,30.7,24.4,31.5,30.6,24.9,21.4,71,55,69,268,0.0,0.0,CO,MT,VILA BELA DA SANTISSIMA TRINDADE,A922,-15.06277777,-59.87277777,222.0
47021,2013-05-15,05:00,0.0,934.5,935.0,934.5,-9999,16.6,16.0,16.9,16.6,16.2,15.9,96,96,96,263,0.0,0.0,CO,GO,MINEIROS,A026,-17.45472222,-52.60111111,862.0
142346,2009-04-02,02:00,0.2,928.2,928.2,927.9,-9999,20.8,19.6,21.1,20.8,20.3,19.6,95,93,93,127,1.3,0.7,CO,MT,CAMPO VERDE,A912,-15.52749999,-55.13555555,749.0
54024,2015-03-03,00:00,-9999.0,967.1,967.1,966.6,-9999,23.2,21.5,23.5,23.1,21.5,21.3,90,88,90,166,0.0,0.0,CO,MT,SORRISO,A904,-12.55,-55.71666666,380.0
350546,2010-05-27,02:00,0.0,979.6,979.6,979.4,-9999,21.7,21.1,22.0,21.7,21.4,21.0,97,96,96,357,1.7,0.1,CO,MT,SALTO DO CEU,A936,-15.13583333,-58.115,303.0
55912,2005-05-20,16:00,-9999.0,-9999.0,-9999.0,-9999.0,-9999,-9999.0,-9999.0,-9999.0,-9999.0,-9999.0,-9999.0,-9999,-9999,-9999,-9999,-9999.0,-9999.0,CO,MT,CUIABA,A901,-15.55916666,-56.72944443,240.0
199607,2009-10-05,05:00,-9999.0,-9999.0,-9999.0,-9999.0,-9999,-9999.0,-9999.0,-9999.0,-9999.0,-9999.0,-9999.0,-9999,-9999,-9999,-9999,-9999.0,-9999.0,CO,MT,SORRISO,A904,-12.55,-55.71666666,380.0
28911,2015-04-20,15:00,-9999.0,938.9,939.6,938.9,2123,29.0,21.8,30.2,28.7,22.0,20.4,66,60,65,6,5.0,1.7,CO,MT,SANTO ANTONIO DO LESTE,A931,-14.92777777,-53.8836111,648.0
54150,2020-03-01,06:00,-9999.0,-9999.0,-9999.0,-9999.0,-9999,-9999.0,-9999.0,-9999.0,-9999.0,-9999.0,-9999.0,-9999,-9999,-9999,-9999,-9999.0,-9999.0,CO,MS,LAGUNA CARAPA,S711,-22.575389,-55.160333,499.0
134742,2009-05-10,12:00,0.0,932.9,932.9,932.4,1263,23.5,19.5,23.5,21.3,19.5,18.1,84,76,78,113,1.7,0.4,CO,GO,CAIAPONIA,A023,-16.96666666,-51.81749999,737.0
402262,2012-01-14,22:00,3.8,-9999.0,-9999.0,-9999.0,-9999,23.3,22.0,27.1,23.1,22.2,21.2,93,68,92,238,8.1,0.9,CO,MT,GUIRATINGA,A932,-16.34166666,-53.76611111,526.0
191087,2008-08-23,23:00,0.0,984.7,984.7,984.2,-9999,27.3,17.8,30.1,27.3,17.8,15.4,56,42,56,27,1.7,0.0,CO,MT,APIACAS,A910,-9.56388888,-57.3936111,220.0
396689,2014-04-14,17:00,-9999.0,-9999.0,-9999.0,-9999.0,-9999,-9999.0,-9999.0,-9999.0,-9999.0,-9999.0,-9999.0,-9999,-9999,-9999,-9999,-9999.0,-9999.0,CO,MS,AQUIDAUANA,A719,-20.47555554,-55.78388888,155.0
206344,2019-01-26,03:00,0.0,939.1,939.1,938.9,-9999,21.9,20.0,22.2,21.2,20.1,19.6,92,87,89,312,4.2,1.3,CO,GO,JATAI,A016,-17.923622,-51.717467,670.08
50798,2020-02-05,12:00,0.0,983.6,983.6,982.7,727,25.0,21.9,25.0,23.8,22.7,21.0,92,82,83,325,0.0,0.0,CO,MT,JUARA,A914,-11.280158,-57.526641,263.43
57061,2017-07-07,13:00,0.0,976.9,977.0,976.6,1577,21.3,12.2,21.3,18.6,12.6,11.7,66,56,56,87,4.0,2.0,CO,MS,PARANAIBA,A710,-19.69527777,-51.18138888,424.0
126246,2020-05-16,06:00,-9999.0,932.9,933.0,932.8,-9999,19.2,17.8,19.2,19.0,17.9,17.7,93,92,92,189,3.4,1.6,CO,GO,CAIAPONIA,A023,-16.96694443,-51.81749999,740.1
6138,2020-11-24,05:00,0.0,930.2,930.8,930.2,-9999,22.1,17.7,22.9,22.1,18.3,17.7,77,75,76,42,4.5,2.0,CO,GO,MORRINHOS,A003,-17.745066,-49.101698,751.09
92494,2016-07-12,22:00,0.0,958.1,958.1,957.9,2,25.6,16.6,27.7,25.6,16.7,16.5,58,51,58,335,3.6,0.9,CO,MS,SIDROLANDIA,A754,-20.98166666,-54.97194443,464.0
1150,2006-12-18,22:00,0.0,988.2,988.4,987.6,305,28.1,23.9,30.3,28.1,23.9,22.9,78,65,78,317,6.9,2.3,CO,MS,AQUIDAUANA,A719,-20.47555554,-55.78388888,155.0
112362,2008-08-02,18:00,0.0,949.1,950.2,949.1,18495,33.4,9.0,34.1,32.7,9.9,8.6,25,21,22,-9999,0.0,0.0,CO,MT,CAMPO NOVO DOS PARECIS,A905,-13.78333333,-57.83333333,570.0
103371,2011-07-11,03:00,0.0,970.1,970.3,970.0,-9999,18.4,16.3,18.4,16.0,16.3,14.6,93,87,87,268,2.8,0.8,CO,MS,MARACAJU,A731,-21.60916666,-55.17777777,400.0
187944,2013-02-01,08:00,0.4,914.6,914.6,914.5,-9999,19.8,19.2,19.8,19.7,19.2,19.1,96,96,96,44,8.1,3.9,CO,MT,ALTO TAQUARI,A934,-17.81555555,-53.28749999,875.0
130866,2016-07-31,20:00,-9999.0,-9999.0,-9999.0,-9999.0,-9999,-9999.0,-9999.0,-9999.0,-9999.0,-9999.0,-9999.0,-9999,-9999,-9999,-9999,-9999.0,-9999.0,CO,MT,QUERENCIA,A916,-12.5986111,-52.19444444,339.0
343430,2019-06-11,14:00,0.0,956.3,956.4,956.3,1644,28.7,-9999.0,28.7,26.4,-9999.0,-9999.0,-9999,-9999,-9999,236,6.6,3.5,CO,MT,CAMPO NOVO DOS PARECIS,A905,-13.78583333,-57.8386111,525.41
102268,2018-11-09,22:00,0.0,927.7,927.7,926.9,98,22.3,20.7,23.4,22.3,21.6,20.7,93,87,91,232,9.0,3.9,CO,MS,COSTA RICA,A760,-18.82277777,-53.26722221,730.0
242231,2008-10-08,23:00,0.0,937.4,937.4,937.0,-9999,27.9,8.9,29.4,27.7,11.1,8.2,37,27,30,176,1.8,0.0,CO,GO,GOIANESIA,A022,-15.22027777,-48.99027777,667.0
189766,2010-01-17,22:00,-9999.0,-9999.0,-9999.0,-9999.0,-9999,-9999.0,-9999.0,-9999.0,-9999.0,-9999.0,-9999.0,-9999,-9999,-9999,-9999,-9999.0,-9999.0,CO,MT,TANGARA DA SERRA,A902,-14.65,-57.41666666,321.5
148887,2015-12-30,15:00,0.0,936.0,936.3,936.0,2008,26.4,17.6,26.7,25.5,19.8,17.6,68,58,58,320,4.0,1.3,CO,GO,GOIANIA,A002,-16.64277777,-49.21999999,770.0
114315,2020-01-06,03:00,0.0,959.6,959.8,959.3,-9999,23.8,22.0,24.3,23.6,22.2,22.0,91,88,89,-9999,3.8,2.4,CO,MT,TANGARA DA SERRA,A902,-14.65,-57.43166666,440.01
360805,2008-06-24,13:00,-9999.0,-9999.0,-9999.0,-9999.0,-9999,-9999.0,-9999.0,-9999.0,-9999.0,-9999.0,-9999.0,-9999,-9999,-9999,-9999,-9999.0,-9999.0,CO,GO,ITAPACI,A015,-14.98027777,-49.53944444,522.0
400600,2014-09-24,16:00,-9999.0,-9999.0,-9999.0,-9999.0,-9999,-9999.0,-9999.0,-9999.0,-9999.0,-9999.0,-9999.0,-9999,-9999,-9999,-9999,-9999.0,-9999.0,CO,MS,AQUIDAUANA,A719,-20.47555554,-55.78388888,155.0
52936,2014-01-16,16:00,0.0,955.1,955.7,955.1,4118,30.7,19.9,30.8,29.6,21.7,19.8,61,53,53,87,3.9,1.2,CO,MT,GUIRATINGA,A932,-16.34166666,-53.76611111,526.0
74662,2021-04-21,22:00,0.0,931.5,931.5,931.2,28,22.1,12.3,25.8,22.1,12.5,10.9,54,39,54,130,4.0,2.6,CO,MS,COSTA RICA,A760,-18.49277777,-53.17138888,727.34
188874,2008-12-08,05:00,0.0,915.4,915.8,915.4,-9999,20.2,18.0,20.2,19.7,18.1,17.4,89,85,87,15,0.0,0.0,CO,MT,ALTO TAQUARI,A934,-17.81555555,-53.28749999,875.0
111213,2016-08-29,21:00,0.2,968.8,968.8,968.6,56,22.2,19.3,23.4,22.2,19.4,18.5,84,74,84,262,3.0,1.5,CO,MS,PARANAIBA,A710,-19.69527777,-51.18138888,424.0
292228,2012-08-18,16:00,0.0,959.1,960.0,959.1,2483,29.7,8.6,30.4,28.6,9.6,8.4,31,26,27,56,8.2,1.7,CO,GO,GOIAS,A014,-15.93916666,-50.14138888,512.0
290245,2014-02-18,13:00,-9999.0,-9999.0,-9999.0,-9999.0,-9999,-9999.0,-9999.0,-9999.0,-9999.0,-9999.0,-9999.0,-9999,-9999,-9999,-9999,-9999.0,-9999.0,CO,GO,ITUMBIARA,A035,-18.40972222,-49.19194444,488.0
217688,2012-01-10,08:00,1.2,875.4,875.4,875.1,-9999,17.2,16.6,17.2,17.1,16.7,16.6,97,97,97,271,1.4,0.2,CO,GO,ALTO PARAISO DE GOIAS,A024,-14.13305554,-47.52305554,1260.0
46916,2018-08-23,18:00,0.0,949.3,950.4,949.3,2190,33.2,12.0,33.2,31.9,13.2,11.2,31,27,28,334,6.6,1.9,CO,GO,ITAPACI,A015,-14.98027777,-49.53944444,522.0
10437,2016-11-14,23:00,0.0,924.7,924.7,924.2,-9999,21.2,19.7,21.4,21.2,19.8,19.6,91,90,91,297,2.4,0.3,CO,GO,GOIANIA,A002,-16.64277777,-49.21999999,770.0
400411,2009-09-16,19:00,-9999.0,-9999.0,-9999.0,-9999.0,-9999,-9999.0,-9999.0,-9999.0,-9999.0,-9999.0,-9999.0,-9999,-9999,-9999,-9999,-9999.0,-9999.0,CO,MT,SINOP,A917,-11.98222221,-55.56583333,371.0
305817,2016-10-25,09:00,0.0,938.3,938.3,937.6,-9999,20.2,19.3,20.5,20.0,19.4,18.8,94,93,94,161,0.0,0.0,CO,MS,SAO GABRIEL DO OESTE,A732,-19.42027777,-54.55305555,647.0
154587,2014-05-31,06:00,0.0,939.8,940.2,939.8,-9999,11.3,10.5,12.3,11.2,11.5,10.4,95,94,95,33,1.1,0.4,CO,GO,JATAI,A016,-17.92388888,-51.71777777,582.0
84798,2012-03-06,18:00,0.0,967.4,969.1,967.4,3189,31.4,19.5,33.3,31.3,20.4,18.5,51,43,49,351,5.6,2.3,CO,MT,QUERENCIA,A916,-12.5986111,-52.19444444,339.0
320339,2014-07-27,11:00,-9999.0,-9999.0,-9999.0,-9999.0,-9999,-9999.0,-9999.0,-9999.0,-9999.0,-9999.0,-9999.0,-9999,-9999,-9999,-9999,-9999.0,-9999.0,CO,MS,ITAQUIRAI,A752,-23.44944444,-54.18166666,336.0
96593,2008-10-16,17:00,0.0,955.3,956.3,955.3,3488,38.4,7.0,38.6,37.1,8.8,4.3,18,13,15,48,8.2,3.3,CO,GO,ITUMBIARA,A035,-18.40972222,-49.19194444,488.0
240293,2013-08-25,05:00,0.0,973.0,973.2,972.5,-9999,8.5,6.4,8.6,8.4,6.5,6.3,87,86,87,224,6.0,2.1,CO,MS,SETE QUEDAS,A751,-23.96694443,-55.02416666,402.0
234571,2019-10-11,19:00,0.0,919.4,919.6,919.3,972,32.8,7.1,33.5,32.4,8.1,6.5,22,20,20,68,7.1,2.8,CO,GO,POSSE,A017,-14.08921,-46.366497,830.0
86345,2020-10-30,17:00,0.0,961.6,962.1,961.6,226,26.8,17.8,29.0,26.1,18.9,17.0,61,52,58,176,8.9,4.0,CO,MS,CAARAPO,S706,-22.657056,-54.819306,456.0
21364,2002-05-01,04:00,0.0,931.1,931.4,931.1,-9999,20.3,16.4,20.9,19.8,16.6,16.2,81,75,78,9,2.5,1.6,CO,GO,MORRINHOS,A003,-17.71666667,-49.1,771.42
138059,2016-09-19,11:00,-9999.0,942.7,942.7,939.9,101,21.1,16.7,21.2,20.4,16.7,16.5,78,75,76,132,15.1,5.1,CO,MT,SANTO ANTONIO DO LESTE,A931,-14.92777777,-53.8836111,648.0
341590,2007-12-03,22:00,0.0,934.9,934.9,934.2,12,24.8,20.5,26.2,24.8,21.7,20.2,77,71,77,79,3.0,1.2,CO,GO,GOIANESIA,A022,-15.22027777,-48.99027777,667.0
123824,2015-02-19,08:00,0.0,976.2,976.3,975.8,-9999,21.9,20.8,22.1,21.9,20.9,20.7,93,93,93,351,2.4,0.1,CO,MT,CARLINDA,A926,-10.00527777,-55.79055555,306.0
130643,2020-11-15,11:00,-9999.0,931.4,931.4,930.4,769,22.3,19.1,22.3,21.2,19.8,18.9,91,82,82,340,2.2,0.5,CO,GO,CAIAPONIA,A023,-16.96694443,-51.81749999,740.1
179364,2016-02-07,14:00,0.0,-9999.0,-9999.0,-9999.0,2259,29.7,22.9,30.3,28.0,24.7,22.9,77,66,67,10,5.6,3.4,CO,MS,JARDIM,A758,-21.47833332,-56.13694444,249.0
28042,2018-07-11,10:00,0.0,956.9,956.9,956.3,-9999,10.2,9.3,10.3,10.1,9.4,9.3,95,94,94,236,3.8,1.6,CO,MT,CAMPO NOVO DOS PARECIS,A905,-13.78333333,-57.83333333,570.0
287225,2014-07-21,20:00,-9999.0,-9999.0,-9999.0,-9999.0,-9999,-9999.0,-9999.0,-9999.0,-9999.0,-9999.0,-9999.0,-9999,-9999,-9999,-9999,-9999.0,-9999.0,CO,MT,CAMPO NOVO DOS PARECIS,A905,-13.78333333,-57.83333333,570.0
227630,2020-03-24,12:00,0.0,998.3,998.3,997.8,872,27.7,-9999.0,27.7,26.0,-9999.0,-9999.0,-9999,-9999,-9999,341,1.8,0.7,CO,MT,CACERES,A941,-16.07472221,-57.69305555,123.53
408637,2008-07-25,13:00,0.0,962.6,962.6,962.1,1550,24.3,13.7,24.3,19.3,14.5,13.3,69,52,52,276,2.2,0.1,CO,MS,CASSILANDIA,A742,-19.12249999,-51.72083332,516.0
113866,2019-07-06,21:00,0.0,993.0,993.0,992.7,415,20.4,1.0,21.8,20.4,1.5,1.0,28,25,28,191,6.4,1.7,CO,MS,PEDRO GOMES,S714,-18.072711,-54.548811,251.0
400530,2014-09-21,18:00,-9999.0,-9999.0,-9999.0,-9999.0,-9999,-9999.0,-9999.0,-9999.0,-9999.0,-9999.0,-9999.0,-9999,-9999,-9999,-9999,-9999.0,-9999.0,CO,MS,AQUIDAUANA,A719,-20.47555554,-55.78388888,155.0
334227,2014-12-02,06:00,-9999.0,-9999.0,-9999.0,-9999.0,-9999,-9999.0,-9999.0,-9999.0,-9999.0,-9999.0,-9999.0,-9999,-9999,-9999,-9999,-9999.0,-9999.0,CO,MT,SINOP,A917,-11.98222221,-55.56583333,371.0
178898,2019-03-31,15:00,0.0,979.3,980.1,979.2,3481,29.8,22.2,29.8,27.0,22.8,20.6,75,62,64,346,4.0,1.7,CO,MT,SAO JOSE DO XINGU,A942,-10.48416666,-52.37249999,300.0
12311,2010-02-20,13:00,-9999.0,-9999.0,-9999.0,-9999.0,-9999,-9999.0,-9999.0,-9999.0,-9999.0,-9999.0,-9999.0,-9999,-9999,-9999,-9999,-9999.0,-9999.0,CO,MT,SORRISO,A904,-12.55,-55.71666666,380.0
117188,2004-05-04,20:00,0.0,955.0,955.2,955.0,714,23.9,20.5,24.2,23.3,21.2,19.6,85,76,82,52,2.6,0.8,CO,MS,CAMPO GRANDE,A702,-20.45,-54.6,530.0
342513,2018-03-12,09:00,0.0,902.7,902.7,902.2,-9999,19.8,18.5,19.9,19.4,18.5,17.9,93,91,92,319,2.1,0.8,CO,DF,GAMA (PONTE ALTA),A046,-15.93527777,-48.13749999,990.0
354577,2007-05-29,01:00,0.0,949.2,949.2,948.6,-9999,17.7,17.3,18.4,17.4,18.0,16.8,98,96,98,94,1.1,0.1,CO,MT,COMODORO,A913,-13.70861111,-59.76277777,591.0
224579,2013-04-08,19:00,0.0,947.2,947.4,947.2,928,26.1,19.1,30.3,26.1,21.9,18.3,65,57,65,320,11.3,4.6,CO,GO,MONTE ALEGRE DE GOIAS,A032,-13.24805555,-46.88972221,1253.0
82455,2019-12-05,02:00,-9999.0,972.6,972.9,972.5,-9999,22.8,21.4,23.3,22.8,21.9,21.4,92,91,92,236,0.0,0.0,CO,MT,S.J. DO RIO CLARO,A903,-13.453981,-56.677323,339.59
250449,2016-03-12,11:00,0.0,904.5,904.5,904.2,741,22.7,20.1,22.7,20.5,20.6,19.7,95,85,85,295,2.0,0.5,CO,GO,LUZIANIA,A012,-16.27222222,-47.96638889,959.5
265531,2013-12-11,03:00,0.0,999.4,1000.1,999.4,-9999,23.7,22.6,23.9,23.6,22.7,22.5,94,93,94,62,1.4,0.0,CO,MS,NHUMIRIM,A717,-18.98888888,-56.62305554,91.0
282850,2020-05-25,21:00,0.0,887.3,887.3,886.7,187,22.0,16.1,24.1,22.0,16.1,15.7,69,60,69,274,7.0,2.2,CO,DF,BRASILIA,A001,-15.789343,-47.925756,1160.96
116347,2016-12-05,21:00,0.0,961.5,961.6,961.4,378,33.8,18.8,34.9,33.8,20.0,17.7,44,36,41,37,5.6,1.8,CO,MS,MARACAJU,A731,-21.60916666,-55.17777777,400.0
7554,2018-08-15,12:00,0.0,946.2,946.3,946.0,767,18.8,10.8,18.9,16.4,11.0,10.4,68,60,60,108,7.4,5.1,CO,MS,BANDEIRANTES,S703,-19.94555555,-54.3686111,624.0
399094,2018-03-31,22:00,0.0,925.8,926.7,925.6,2,20.1,18.5,20.8,20.0,19.6,18.3,93,89,91,218,10.3,1.9,CO,MT,ALTO ARAGUAIA,A909,-17.33944444,-53.22416666,753.0
246664,2010-11-22,06:00,0.0,962.4,962.6,962.3,-9999,20.5,19.5,20.7,20.4,19.5,19.4,94,93,94,21,2.5,0.2,CO,MS,IVINHEMA,A709,-22.30666666,-53.82722221,373.8
384269,2008-08-10,05:00,0.0,974.8,975.6,974.7,-9999,16.5,15.1,16.7,16.5,15.6,15.1,93,91,91,78,6.3,2.9,CO,MS,JUTI,A749,-22.85722222,-54.60555555,379.0
19933,2017-04-11,13:00,-9999.0,-9999.0,-9999.0,-9999.0,-9999,-9999.0,-9999.0,-9999.0,-9999.0,-9999.0,-9999.0,-9999,-9999,-9999,-9999,-9999.0,-9999.0,CO,MT,CAMPO VERDE,A912,-15.52749999,-55.13555555,749.0
88161,2008-12-21,20:00,-9999.0,-9999.0,-9999.0,-9999.0,-9999,-9999.0,-9999.0,-9999.0,-9999.0,-9999.0,-9999.0,-9999,-9999,-9999,-9999,-9999.0,-9999.0,CO,MS,ITAQUIRAI,A752,-23.44944444,-54.18166666,336.0
269344,2020-11-11,03:00,-9999.0,-9999.0,-9999.0,-9999.0,-9999,-9999.0,-9999.0,-9999.0,-9999.0,-9999.0,-9999.0,-9999,-9999,-9999,-9999,-9999.0,-9999.0,CO,MS,IVINHEMA,A709,-22.30055555,-53.82277777,377.36
85177,2003-11-09,01:00,-9999.0,-9999.0,-9999.0,-9999.0,-9999,-9999.0,-9999.0,-9999.0,-9999.0,-9999.0,-9999.0,-9999,-9999,-9999,-9999,-9999.0,-9999.0,CO,MS,CAMPO GRANDE,A702,-20.45,-54.6,530.0
177872,2019-10-26,19:00,0.0,927.0,928.1,927.0,1826,30.7,16.7,32.2,30.2,19.7,16.5,51,41,43,305,7.4,2.2,CO,MT,CAMPO VERDE,A912,-15.531431,-55.135649,748.27
82443,2012-08-18,03:00,0.0,991.4,991.5,991.4,-9999,23.1,13.0,24.0,23.1,13.3,13.0,53,51,53,103,3.1,1.6,CO,MT,SAO FELIX  DO ARAGUAIA,A921,-11.61888888,-50.72777777,218.0
170802,2013-09-18,18:00,0.0,995.6,996.9,995.6,2447,32.5,16.4,32.6,30.1,16.8,14.9,41,37,38,172,4.1,1.0,CO,MT,PORTO ESTRELA,A935,-15.54638888,-57.38166666,145.0
232820,2012-09-30,20:00,0.0,936.5,936.7,936.3,1512,32.9,12.8,33.7,32.6,13.8,12.4,31,28,30,318,8.3,3.7,CO,MS,SAO GABRIEL DO OESTE,A732,-19.42027777,-54.55305555,647.0
368595,2018-03-04,03:00,-9999.0,948.5,948.7,948.5,-9999,22.1,20.2,23.8,22.0,20.6,19.2,90,76,90,123,1.6,0.5,CO,GO,MONTE ALEGRE DE GOIAS,A032,-13.24805555,-46.88972221,1253.0
160288,2021-03-20,16:00,0.0,970.7,971.8,970.7,3695,28.4,23.6,28.4,26.6,23.7,22.5,80,74,75,236,6.6,2.3,CO,MT,JUINA,A920,-11.375126,-58.774785,365.39
292562,2008-03-01,02:00,0.0,978.5,978.5,978.1,-9999,22.3,21.5,22.4,22.2,21.5,21.2,96,94,95,29,2.4,0.4,CO,MT,PONTES E LACERDA,A937,-15.25111111,-59.34666666,256.0
231839,2019-12-24,10:00,2.0,928.5,929.8,928.4,24,19.2,17.4,19.4,18.9,17.4,16.9,90,86,89,2,7.4,3.4,CO,GO,MORRINHOS,A003,-17.745066,-49.101698,751.09
14006,2016-04-11,16:00,-9999.0,-9999.0,-9999.0,-9999.0,-9999,-9999.0,-9999.0,-9999.0,-9999.0,-9999.0,-9999.0,-9999,-9999,-9999,-9999,-9999.0,-9999.0,CO,MS,CORUMBA,A724,-18.99666666,-57.63749999,126.0
400526,2015-09-21,14:00,-9999.0,961.4,961.9,961.4,2555,33.7,13.4,33.8,29.8,18.6,13.4,50,28,29,236,8.4,3.9,CO,MS,AMAMBAI,A750,-23.0025,-55.32944443,431.0
271975,2016-08-24,09:00,0.0,885.6,885.6,884.9,-9999,15.8,13.8,17.6,15.7,14.6,13.8,89,81,88,88,7.5,3.6,CO,GO,CRISTALINA,A036,-16.78805555,-47.61166666,1202.0
409338,2013-06-03,18:00,-9999.0,971.7,972.9,971.7,2976,30.1,19.7,31.0,29.9,21.0,18.9,57,50,54,153,4.5,2.5,CO,MT,SINOP,A917,-11.98222221,-55.56583333,371.0
57963,2010-08-14,03:00,0.0,973.8,974.0,973.6,-9999,9.0,5.7,9.9,8.3,5.7,4.9,80,72,80,213,5.8,0.6,CO,MS,AMAMBAI,A750,-23.0025,-55.32944443,431.0
54243,2019-03-12,03:00,0.0,970.4,970.8,970.3,-9999,25.6,22.0,26.3,25.6,22.2,21.6,80,77,80,88,7.1,2.9,CO,MS,SELVIRIA,S717,-20.351444,-51.430222,374.0
347505,2019-11-28,09:00,-9999.0,949.6,949.6,949.5,-9999,22.3,-9999.0,22.6,22.3,-9999.0,-9999.0,-9999,-9999,-9999,236,0.0,0.0,CO,MT,CAMPO NOVO DOS PARECIS,A905,-13.78583333,-57.8386111,525.41
33293,2021-03-09,05:00,0.0,997.2,997.6,997.1,-9999,26.3,21.7,26.6,26.1,22.5,21.6,80,75,76,249,1.2,0.0,CO,MS,CORUMBA,A724,-18.99667,-57.6375,111.73
50301,2008-07-09,21:00,0.0,987.9,987.9,987.8,683,30.6,17.6,31.9,30.6,18.0,15.2,47,37,46,145,1.8,0.0,CO,MT,VILA BELA DA SANTISSIMA TRINDADE,A922,-15.06277777,-59.87277777,222.0
124194,2008-01-28,05:00,0.0,943.8,944.3,943.8,-9999,21.7,20.5,21.8,21.6,20.6,20.5,93,93,93,316,3.5,1.6,CO,MT,COMODORO,A913,-13.70861111,-59.76277777,591.0
205028,2014-03-03,23:00,0.0,974.2,974.2,973.3,-9999,24.5,22.3,26.8,24.5,22.8,22.0,88,77,88,136,1.0,0.6,CO,MT,ALTA FLORESTA,A924,-9.84944444,-56.1,289.0
58906,2020-09-15,10:00,-9999.0,-9999.0,-9999.0,-9999.0,-9999,-9999.0,-9999.0,-9999.0,-9999.0,-9999.0,-9999.0,-9999,-9999,-9999,-9999,-9999.0,-9999.0,CO,MS,LAGUNA CARAPA,S711,-22.575389,-55.160333,499.0
177898,2011-03-10,01:00,0.0,955.6,955.6,955.4,-9999,22.4,21.3,22.7,22.4,21.4,21.2,93,92,93,120,1.6,0.0,CO,MT,PARANATINGA,A915,-14.42138888,-54.03527777,474.0
347656,2019-03-15,03:00,0.0,887.7,888.1,887.7,-9999,21.7,18.8,22.0,20.6,19.4,18.5,89,84,84,15,1.9,1.0,CO,DF,BRASILIA,A001,-15.789343,-47.925756,1160.96
169356,2014-05-02,12:00,0.0,911.0,911.0,910.3,1434,20.1,13.0,20.1,17.0,13.5,12.3,77,64,64,111,2.1,0.8,CO,GO,SILVANIA,A037,-16.67694443,-48.61805554,949.0
304550,2014-10-07,14:00,0.0,973.4,973.7,973.4,3024,26.5,16.1,26.5,24.3,17.7,16.1,64,53,53,69,6.4,2.9,CO,MS,JUTI,A749,-22.85722222,-54.60555555,379.0
7779,2007-11-21,03:00,0.0,958.7,959.1,958.7,-9999,22.7,20.9,23.7,22.7,21.1,20.7,90,85,89,47,2.4,0.1,CO,MT,PARANATINGA,A915,-14.42138888,-54.03527777,474.0
52909,2010-01-15,13:00,0.0,964.4,964.4,964.2,2649,26.8,20.2,27.2,25.2,21.2,19.7,74,67,67,38,3.3,1.2,CO,MS,AMAMBAI,A750,-23.0025,-55.32944443,431.0
218853,2013-08-13,05:00,0.0,978.4,978.9,978.4,-9999,21.8,18.6,22.6,21.8,19.3,18.3,84,78,82,39,1.7,0.0,CO,MT,GUARANTA DO NORTE,A906,-9.95,-54.88333333,320.0
253872,2007-06-23,00:00,0.0,993.3,993.5,992.9,-9999,18.3,14.5,20.2,18.3,15.7,14.1,82,69,79,78,1.1,0.0,CO,MS,AQUIDAUANA,A719,-20.47555554,-55.78388888,155.0
64607,2012-11-18,11:00,0.0,986.8,986.8,985.8,646,26.0,22.0,26.0,22.8,22.2,21.3,91,78,79,56,0.0,0.0,CO,MT,VILA BELA DA SANTISSIMA TRINDADE,A922,-15.06277777,-59.87277777,222.0
12229,2014-05-25,13:00,0.0,931.3,931.3,931.0,1653,22.6,18.2,22.6,20.0,19.7,17.2,98,74,77,-9999,-9999.0,-9999.0,CO,MT,ALTO ARAGUAIA,A909,-17.33944444,-53.22416666,753.0
176231,2020-05-17,21:00,-9999.0,980.7,980.7,980.6,360,26.4,15.5,31.3,26.4,19.7,15.5,51,47,51,306,2.3,0.0,CO,MT,RONDONOPOLIS,A907,-16.4625,-54.58027777,289.88
346227,2008-10-27,03:00,0.0,938.5,938.9,938.5,-9999,22.1,19.9,24.0,22.1,20.2,19.4,88,78,88,240,1.9,0.0,CO,GO,JATAI,A016,-17.92388888,-51.71777777,582.0
37405,2019-07-21,02:00,0.0,972.1,972.1,972.0,-9999,21.5,12.0,22.4,21.5,12.1,11.9,54,52,54,268,8.3,4.1,CO,MS,JUTI,A749,-22.85721,-54.605634,375.18
292925,2016-01-12,07:00,0.0,934.5,935.1,934.5,-9999,22.1,20.1,22.3,22.0,20.1,20.0,89,87,89,353,9.0,5.2,CO,GO,PARAUNA,A027,-16.94583333,-50.42527777,678.0
303612,2019-03-04,23:00,-9999.0,-9999.0,-9999.0,-9999.0,-9999,-9999.0,-9999.0,-9999.0,-9999.0,-9999.0,-9999.0,-9999,-9999,-9999,-9999,-9999.0,-9999.0,CO,MT,RONDONOPOLIS,A907,-16.462419,-54.580151,289.88
81573,2010-01-29,21:00,0.0,879.1,879.1,878.8,105,23.2,18.6,24.2,23.2,19.1,17.9,76,68,75,159,3.2,1.3,CO,GO,CRISTALINA,A036,-16.78805555,-47.61166666,1202.0
367494,2010-05-03,06:00,-9999.0,-9999.0,-9999.0,-9999.0,-9999,-9999.0,-9999.0,-9999.0,-9999.0,-9999.0,-9999.0,-9999,-9999,-9999,-9999,-9999.0,-9999.0,CO,MT,PARANATINGA,A915,-14.42138888,-54.03527777,474.0
109666,2006-08-16,10:00,0.0,931.3,931.3,930.9,24,15.1,10.2,15.2,13.2,10.5,9.8,82,72,72,217,2.3,0.0,CO,GO,MORRINHOS,A003,-17.71666667,-49.1,771.42
256341,2013-11-23,05:00,0.0,984.2,984.3,984.0,-9999,20.3,19.4,20.4,19.7,19.5,18.7,95,93,95,331,0.9,0.2,CO,MS,BELA VISTA,A757,-22.10083333,-56.53999999,208.0
399093,2015-07-23,21:00,0.0,968.2,968.2,967.6,156,21.1,17.5,22.6,21.1,17.5,17.1,80,71,80,236,2.5,0.3,CO,MS,AMAMBAI,A750,-23.0025,-55.32944443,431.0
167164,2020-03-24,15:00,-9999.0,-9999.0,-9999.0,-9999.0,-9999,-9999.0,-9999.0,-9999.0,-9999.0,-9999.0,-9999.0,-9999,-9999,-9999,-9999,-9999.0,-9999.0,CO,MS,BANDEIRANTES,S703,-19.945539,-54.368533,624.0
262361,2020-11-13,17:00,0.0,970.1,971.5,970.1,2619,32.9,15.0,33.1,31.5,16.8,13.1,39,30,34,353,5.6,0.9,CO,MS,ITAQUIRAI,A752,-23.449501,-54.181858,337.82
280063,2016-07-26,09:00,0.0,969.7,969.7,969.3,-9999,19.9,11.3,20.5,19.8,11.3,11.0,58,55,58,105,0.0,0.0,CO,MT,SORRISO,A904,-12.55,-55.71666666,380.0
61767,2016-01-12,15:00,4.4,958.3,958.8,958.3,2386,24.4,21.6,29.3,24.1,26.5,21.2,86,82,84,16,9.4,3.2,CO,MT,PARANATINGA,A915,-14.42138888,-54.03527777,474.0
19653,2020-03-27,21:00,-9999.0,951.7,951.9,951.4,478,26.9,21.4,28.7,26.8,22.6,20.7,77,63,72,115,8.5,2.5,CO,MS,SONORA,A761,-17.63527777,-54.76055555,495.25
179241,2008-04-18,09:00,0.0,960.0,960.0,959.8,-9999,20.4,19.7,20.8,20.4,20.0,19.7,96,95,96,217,3.5,2.4,CO,MT,NOVA UBIRATA,A929,-13.68638888,-54.95611111,518.0
35563,2013-01-22,19:00,0.0,974.4,975.7,974.4,2378,32.6,18.7,32.6,31.1,20.8,18.1,52,44,44,151,5.7,2.4,CO,MS,TRES LAGOAS,A704,-20.78999999,-51.71222222,313.0
199008,2020-11-08,11:00,0.0,971.8,971.9,971.4,637,28.7,14.8,28.7,25.9,16.3,14.4,54,42,43,74,3.2,1.7,CO,MS,ITAPORA,S710,-22.092833,-54.798833,360.0
183133,2020-01-18,00:00,0.0,988.9,988.9,987.7,-9999,26.0,-9999.0,26.7,25.9,-9999.0,-9999.0,-9999,-9999,-9999,7,3.2,2.1,CO,MT,SAO FELIX  DO ARAGUAIA,A921,-11.61888888,-50.72777777,201.37
18466,2003-02-02,10:00,-9999.0,-9999.0,-9999.0,-9999.0,-9999,-9999.0,-9999.0,-9999.0,-9999.0,-9999.0,-9999.0,-9999,-9999,-9999,-9999,-9999.0,-9999.0,CO,MS,PONTA PORA,A703,-22.5525,-55.71638888,675.0
86717,2008-10-22,16:00,-9999.0,-9999.0,-9999.0,-9999.0,-9999,-9999.0,-9999.0,-9999.0,-9999.0,-9999.0,-9999.0,-9999,-9999,-9999,-9999,-9999.0,-9999.0,CO,MS,ITAQUIRAI,A752,-23.44944444,-54.18166666,336.0
316782,2021-04-30,06:00,-9999.0,-9999.0,-9999.0,-9999.0,-9999,-9999.0,-9999.0,-9999.0,-9999.0,-9999.0,-9999.0,-9999,-9999,-9999,-9999,-9999.0,-9999.0,CO,MT,GUARANTA DO NORTE,A906,-9.9525,-54.89777777,283.58
182149,2020-01-19,11:00,0.0,984.9,984.9,984.4,332,25.6,23.8,25.6,24.7,23.8,23.1,91,90,90,179,2.0,0.5,CO,MS,PEDRO GOMES,S714,-18.07277777,-54.54888888,251.0
400200,2015-09-08,00:00,-9999.0,953.1,953.2,952.5,-9999,27.9,16.2,28.5,27.9,16.3,15.5,49,46,49,236,5.6,3.1,CO,MS,AMAMBAI,A750,-23.0025,-55.32944443,431.0
61542,2008-07-15,17:00,0.0,975.7,976.6,975.7,2449,27.1,5.2,27.3,26.0,6.1,4.6,29,24,25,35,9.5,3.8,CO,MS,MARACAJU,A731,-21.60916666,-55.17777777,400.0
387898,2016-02-28,10:00,0.0,915.2,915.3,914.9,47,21.6,20.1,21.7,21.1,20.2,19.8,92,90,91,185,0.5,0.0,CO,GO,CATALAO,A034,-18.15777777,-47.92638888,890.0
37767,2004-04-19,15:00,0.0,1009.3,1012.2,1009.3,-9999,33.0,22.2,33.2,31.6,23.0,21.4,59,51,53,280,5.2,2.6,CO,MT,CUIABA,A901,-15.55916666,-56.72944443,240.0
233701,2011-02-23,04:00,-9999.0,975.6,975.7,975.6,-9999,22.6,21.8,23.0,22.6,22.2,21.8,96,95,95,344,2.2,0.2,CO,MT,SALTO DO CEU,A936,-15.13583333,-58.115,303.0
9114,2015-05-19,20:00,0.0,1003.3,1003.5,1003.3,841,28.0,19.4,29.1,28.0,20.3,19.4,61,57,59,146,4.8,1.8,CO,MS,NHUMIRIM,A717,-18.98888888,-56.62305554,91.0
403488,2011-10-14,00:00,0.0,932.4,932.4,932.1,-9999,25.5,19.6,28.5,25.5,19.8,19.3,70,58,70,69,7.9,2.7,CO,GO,PARAUNA,A027,-16.94583333,-50.42527777,678.0
210557,2020-04-14,03:00,-9999.0,-9999.0,-9999.0,-9999.0,-9999,-9999.0,-9999.0,-9999.0,-9999.0,-9999.0,-9999.0,-9999,-9999,-9999,-9999,-9999.0,-9999.0,CO,MS,MIRANDA,A722,-20.39555555,-56.43166666,132.49
295121,2009-09-09,17:00,0.0,986.4,987.6,986.4,2780,34.5,18.6,35.3,33.0,19.7,16.7,45,34,39,323,4.8,2.3,CO,MT,APIACAS,A910,-9.56388888,-57.3936111,220.0
204668,2020-07-01,07:00,0.0,944.4,944.4,944.2,-9999,18.2,12.8,18.5,18.0,12.9,12.7,72,69,71,24,1.4,0.7,CO,GO,IPORA,A028,-16.42305554,-51.14888888,610.41
250391,2012-09-30,23:00,0.0,971.5,971.5,971.1,-9999,24.5,21.3,26.2,24.5,22.2,20.7,86,72,83,95,0.9,0.3,CO,MT,S.J. DO RIO CLARO,A903,-13.45,-56.66666666,350.0
262067,2020-01-12,22:00,0.0,966.3,966.3,965.4,214,30.8,22.3,31.8,30.7,22.4,21.4,61,54,61,104,4.0,0.6,CO,MS,IVINHEMA,A709,-22.30055555,-53.82277777,377.36
249840,2011-12-27,15:00,0.2,964.8,965.1,964.8,3303,29.3,21.1,29.4,27.6,22.4,20.4,70,59,61,283,5.1,2.6,CO,MT,AGUA BOA,A908,-14.01611111,-52.21222222,432.0
169846,2012-09-12,10:00,0.0,938.7,938.7,937.5,80,18.2,11.6,18.2,16.1,12.0,11.3,77,65,65,147,2.6,0.5,CO,GO,JATAI,A016,-17.92388888,-51.71777777,582.0
92849,2014-05-13,20:00,0.0,957.6,957.7,957.1,504,27.6,13.6,29.5,27.6,13.9,10.6,43,31,42,158,3.3,0.1,CO,MS,CASSILANDIA,A742,-19.12249999,-51.72083332,516.0
118414,2020-06-24,22:00,0.0,960.1,960.1,959.8,32,25.3,15.7,28.8,25.3,15.9,15.4,56,44,55,236,4.4,2.2,CO,MT,TANGARA DA SERRA,A902,-14.65,-57.43166666,440.01
364496,2009-08-11,08:00,0.0,916.7,916.8,916.6,-9999,12.0,8.2,12.4,12.0,8.4,8.1,77,76,77,177,5.9,3.0,CO,GO,CATALAO,A034,-18.15777777,-47.92638888,890.0
302877,2015-07-29,21:00,0.0,986.0,986.0,985.7,186,34.3,9.0,35.6,33.9,11.9,8.9,25,20,21,205,2.1,0.8,CO,MT,CUIABA,A901,-15.55916666,-56.72944443,240.0
60830,2017-12-11,14:00,0.0,962.0,962.2,962.0,2287,29.5,17.8,29.5,27.9,18.8,16.6,57,46,49,192,5.9,3.0,CO,MS,PARANAIBA,A710,-19.69527777,-51.18138888,424.0
